Dataset,Backbone,Horizon,MSEGain_pct,DirectMSE,FinalMSE,DirectMAE,FinalMAE,MSESource,MAESource,DirectMSE_recovered,FinalMSE_recovered,DirectMAE_recovered,FinalMAE_recovered,RecoverySource,RecoveredGain_pct,GainMismatch,DirectMSE_final,FinalMSE_final,DirectMAE_final,FinalMAE_final,MSEMetricSource,MAEMetricSource,AbsoluteMSEImprovement,RecomputedMSEGain_pct,GainConsistencyError
ETTh1,PatchTST,96,-1.0907300656695451,0.3786316784322797,,0.4003025335726233,,Missing,Missing,0.3786316784322797,0.3827615279870898,0.4003025335726233,0.4050318067579521,/data/dataset/strong_forecaster/cross_backbone_integrated_evidence/integrated_32_condition_table.csv,-1.0907300656695451,0.0,0.3786316784322797,0.3827615279870898,0.4003025335726233,0.4050318067579521,HistoricalRecovery,HistoricalRecovery,-0.0041298495548101055,-1.0907300656695451,0.0
ETTh1,PatchTST,192,-1.6767799177179168,0.4136943163724244,,0.420977502773663,,Missing,Missing,0.4136943163724244,0.4206310595900976,0.420977502773663,0.4291802018568935,/data/dataset/strong_forecaster/cross_backbone_integrated_evidence/integrated_32_condition_table.csv,-1.6767799177179168,0.0,0.4136943163724244,0.4206310595900976,0.420977502773663,0.4291802018568935,HistoricalRecovery,HistoricalRecovery,-0.006936743217673236,-1.6767799177179168,0.0
ETTh1,PatchTST,336,-1.466893667154631,0.4419843267652349,,0.4414341190750536,,Missing,Missing,0.4419843267652349,0.4484677668643702,0.4414341190750536,0.4489392161954034,/data/dataset/strong_forecaster/cross_backbone_integrated_evidence/integrated_32_condition_table.csv,-1.4668936671546313,2.220446049250313e-16,0.4419843267652349,0.4484677668643702,0.4414341190750536,0.4489392161954034,HistoricalRecovery,HistoricalRecovery,-0.0064834400991352625,-1.4668936671546313,2.220446049250313e-16
ETTh1,PatchTST,720,-3.931421178606831,0.4615096175155673,,0.4738671277080254,,Missing,Missing,0.4615096175155673,0.4796535043598817,0.4738671277080254,0.4896009953455276,/data/dataset/strong_forecaster/cross_backbone_integrated_evidence/integrated_32_condition_table.csv,-3.931421178606831,0.0,0.4615096175155673,0.4796535043598817,0.4738671277080254,0.4896009953455276,HistoricalRecovery,HistoricalRecovery,-0.018143886844314394,-3.931421178606831,0.0
ETTh1,SegMoE,96,-1.0528517026198552,0.4296767951906189,0.4342006546445458,0.4379326154902014,0.4417802844073558,Experiment37Selected,Experiment37Selected,,,,,,,,0.4296767951906189,0.4342006546445458,0.4379326154902014,0.4417802844073558,Experiment37Selected,Experiment37Selected,-0.004523859453926915,-1.052851702619868,1.2878587085651816e-14
ETTh1,SegMoE,192,-2.2644698052078662,0.4816947292812827,0.4926025609791352,0.4730623077221267,0.48006851514093,Experiment37Selected,Experiment37Selected,,,,,,,,0.4816947292812827,0.4926025609791352,0.4730623077221267,0.48006851514093,Experiment37Selected,Experiment37Selected,-0.010907831697852477,-2.2644698052078778,1.1546319456101628e-14
ETTh1,SegMoE,336,-2.288567726346274,0.5353943558625719,0.5476472182995222,0.5056120480765447,0.5127866768812056,Experiment37Selected,Experiment37Selected,,,,,,,,0.5353943558625719,0.5476472182995222,0.5056120480765447,0.5127866768812056,Experiment37Selected,Experiment37Selected,-0.01225286243695034,-2.288567726346274,0.0
ETTh1,SegMoE,720,-6.796242536964361,0.6573501804433955,0.7020252930235016,0.5717583618412764,0.5938950131121459,Experiment37Selected,Experiment37Selected,,,,,,,,0.6573501804433955,0.7020252930235016,0.5717583618412764,0.5938950131121459,Experiment37Selected,Experiment37Selected,-0.044675112580106036,-6.796242536964361,0.0
ETTh1,TimeMixer,96,-0.5672220089703875,0.3888394201434738,,0.4021625622588466,,Missing,Missing,0.3888394201434738,0.3910450029140804,0.4021625622588466,0.4048184387906245,/data/dataset/strong_forecaster/three_backbone_integrated_evidence/adaptive_rescue_conditions.csv,-0.5672220089703875,0.0,0.3888394201434738,0.3910450029140804,0.4021625622588466,0.4048184387906245,HistoricalRecovery,HistoricalRecovery,-0.0022055827706066178,-0.5672220089703875,0.0
ETTh1,TimeMixer,192,-0.6401282353837575,0.4422553025672792,,0.4296011795462509,,Missing,Missing,0.4422553025672792,0.4450863036314942,0.4296011795462509,0.4358024347049911,/data/dataset/strong_forecaster/three_backbone_integrated_evidence/integrated_48_condition_table.csv,-0.6401282353837575,0.0,0.4422553025672792,0.4450863036314942,0.4296011795462509,0.4358024347049911,HistoricalRecovery,HistoricalRecovery,-0.002831001064215022,-0.6401282353837575,0.0
ETTh1,TimeMixer,336,-1.5298776782571537,0.5179183060825632,,0.4746646362759863,,Missing,Missing,0.5179183060825632,0.5258418226389279,0.4746646362759863,0.4840476711889016,/data/dataset/strong_forecaster/three_backbone_integrated_evidence/integrated_48_condition_table.csv,-1.5298776782571535,2.220446049250313e-16,0.5179183060825632,0.5258418226389279,0.4746646362759863,0.4840476711889016,HistoricalRecovery,HistoricalRecovery,-0.007923516556364696,-1.5298776782571535,2.220446049250313e-16
ETTh1,TimeMixer,720,-6.298939136888656,0.5121868419430764,,0.4847439881686903,,Missing,Missing,0.5121868419430764,0.5444491793842229,0.4847439881686903,0.5135535739534901,/data/dataset/strong_forecaster/three_backbone_integrated_evidence/integrated_48_condition_table.csv,-6.298939136888657,8.881784197001252e-16,0.5121868419430764,0.5444491793842229,0.4847439881686903,0.5135535739534901,HistoricalRecovery,HistoricalRecovery,-0.03226233744114648,-6.298939136888657,8.881784197001252e-16
ETTh1,iTransformer,96,-0.5041974883926799,0.3923034664381362,,0.4073341382510888,,Missing,Missing,0.3923034664381362,0.3942814506627947,0.4073341382510888,0.4107916909669764,/data/dataset/strong_forecaster/cross_backbone_integrated_evidence/integrated_32_condition_table.csv,-0.5041974883926799,0.0,0.3923034664381362,0.3942814506627947,0.4073341382510888,0.4107916909669764,HistoricalRecovery,HistoricalRecovery,-0.001977984224658502,-0.5041974883926799,0.0
ETTh1,iTransformer,192,-1.4587477596788287,0.4426393129427489,,0.4347371311961573,,Missing,Missing,0.4426393129427489,0.449096304003759,0.4347371311961573,0.4426688007809441,/data/dataset/strong_forecaster/cross_backbone_integrated_evidence/integrated_32_condition_table.csv,-1.4587477596788287,0.0,0.4426393129427489,0.449096304003759,0.4347371311961573,0.4426688007809441,HistoricalRecovery,HistoricalRecovery,-0.006456991061010109,-1.4587477596788287,0.0
ETTh1,iTransformer,336,-1.7858739625521758,0.4892628318326041,,0.4614567762732549,,Missing,Missing,0.4892628318326041,0.498000449354748,0.4614567762732549,0.4733257815919528,/data/dataset/strong_forecaster/cross_backbone_integrated_evidence/integrated_32_condition_table.csv,-1.7858739625521758,0.0,0.4892628318326041,0.498000449354748,0.4614567762732549,0.4733257815919528,HistoricalRecovery,HistoricalRecovery,-0.008737617522143915,-1.7858739625521758,0.0
ETTh1,iTransformer,720,-5.876000764600067,0.5065068663584659,,0.4928942498363393,,Missing,Missing,0.5065068663584659,0.5362692136984412,0.4928942498363393,0.5159122159523901,/data/dataset/strong_forecaster/cross_backbone_integrated_evidence/integrated_32_condition_table.csv,-5.876000764600066,8.881784197001252e-16,0.5065068663584659,0.5362692136984412,0.4928942498363393,0.5159122159523901,HistoricalRecovery,HistoricalRecovery,-0.029762347339975292,-5.876000764600066,8.881784197001252e-16
Electricity,PatchTST,96,0.839606424477914,0.1296379187669977,0.1285494704724705,0.2227903287574926,0.2227182700745092,Experiment37Selected,Experiment37Selected,0.1461493670305693,0.144746456672469,0.2427620335985437,0.2426022639463854,/data/dataset/strong_forecaster/relevance_to_forecasting_meta_analysis/all_48_conditions.csv,0.9599154526662215,0.12030902818830747,0.1296379187669977,0.1285494704724705,0.2227903287574926,0.2227182700745092,Experiment37Selected,Experiment37Selected,0.0010884482945272,0.8396064244779354,2.142730437526552e-14
Electricity,PatchTST,192,0.445809502605422,0.148801832390281,0.1481384596814341,0.2426373333978889,0.2429543635630196,Experiment37Selected,Experiment37Selected,0.1491163162214431,0.1485586336161737,0.2420375754729463,0.2422673599581886,/data/dataset/strong_forecaster/three_backbone_integrated_evidence/adaptive_rescue_conditions.csv,0.37399167267600875,0.07181782992941327,0.148801832390281,0.1481384596814341,0.2426373333978889,0.2429543635630196,Experiment37Selected,Experiment37Selected,0.0006633727088468933,0.4458095026054407,1.8707257964933888e-14
Electricity,PatchTST,336,0.8208867270921726,0.1653115366389711,0.1639545161763496,0.2592837069076097,0.2593299005846275,Experiment37Selected,Experiment37Selected,0.1656902194111266,0.1647476041425757,0.2586938169303996,0.2590260727348346,/data/dataset/strong_forecaster/three_backbone_integrated_evidence/adaptive_rescue_conditions.csv,0.5689021789584353,0.2519845481337373,0.1653115366389711,0.1639545161763496,0.2592837069076097,0.2593299005846275,Experiment37Selected,Experiment37Selected,0.001357020462621511,0.8208867270922231,5.051514762044462e-14
Electricity,PatchTST,720,-0.6723071236913386,0.2028593432612604,0.2042231810770793,0.2917692096710881,0.2931043773197361,Experiment37Selected,Experiment37Selected,0.2219725803835502,0.2223216239979416,0.3156196600025338,0.3181496466051161,/data/dataset/strong_forecaster/relevance_to_forecasting_meta_analysis/all_48_conditions.csv,-0.15724627509770522,0.5150608485936334,0.2028593432612604,0.2042231810770793,0.2917692096710881,0.2931043773197361,Experiment37Selected,Experiment37Selected,-0.0013638378158188913,-0.672307123691325,1.3655743202889425e-14
Electricity,SegMoE,96,0.519435479211152,0.1310534728391639,0.130372734604499,0.225168733502784,0.2253892782407869,Experiment37Selected,Experiment37Selected,,,,,,,,0.1310534728391639,0.130372734604499,0.225168733502784,0.2253892782407869,Experiment37Selected,Experiment37Selected,0.0006807382346649127,0.5194354792111098,4.218847493575595e-14
Electricity,SegMoE,192,0.2786834297572532,0.1487835852561396,0.148368950057832,0.2420533501093928,0.2421817553247262,Experiment37Selected,Experiment37Selected,,,,,,,,0.1487835852561396,0.148368950057832,0.2420533501093928,0.2421817553247262,Experiment37Selected,Experiment37Selected,0.00041463519830761686,0.2786834297572533,1.1102230246251565e-16
Electricity,SegMoE,336,0.2930292734090838,0.166728684018765,0.1662401201674203,0.2612688590206781,0.2614591146115718,Experiment37Selected,Experiment37Selected,,,,,,,,0.166728684018765,0.1662401201674203,0.2612688590206781,0.2614591146115718,Experiment37Selected,Experiment37Selected,0.0004885638513447144,0.2930292734090838,0.0
Electricity,SegMoE,720,0.3471615195839518,0.2109205730183504,0.2101883379519447,0.3013443849486819,0.3020732212234451,Experiment37Selected,Experiment37Selected,,,,,,,,0.2109205730183504,0.2101883379519447,0.3013443849486819,0.3020732212234451,Experiment37Selected,Experiment37Selected,0.000732235066405712,0.34716151958396513,1.3322676295501878e-14
Electricity,TimeMixer,96,0.3593942641579941,0.1568328585310262,0.1562692102331507,0.2478995504474172,0.2478840053460131,Experiment37Selected,Experiment37Selected,0.1530083174084659,0.1527571573806472,0.2451951545758687,0.2454182955163498,/data/dataset/strong_forecaster/three_backbone_integrated_evidence/adaptive_rescue_conditions.csv,0.1641479574918817,0.19524630666611237,0.1568328585310262,0.1562692102331507,0.2478995504474172,0.2478840053460131,Experiment37Selected,Experiment37Selected,0.0005636482978754742,0.3593942641579589,3.519406988061746e-14
Electricity,TimeMixer,192,0.4623746480506918,0.1703962488794926,0.1696083798234445,0.2605183201069985,0.260731170837892,Experiment37Selected,Experiment37Selected,0.1775720232359449,0.1768638691802133,0.2719303440152442,0.2722312358189689,/data/dataset/strong_forecaster/relevance_to_forecasting_meta_analysis/all_48_conditions.csv,0.3987982131569557,0.0635764348937361,0.1703962488794926,0.1696083798234445,0.2605183201069985,0.260731170837892,Experiment37Selected,Experiment37Selected,0.0007878690560480794,0.46237464805065936,3.241851231905457e-14
Electricity,TimeMixer,336,0.854896762195491,0.1862308107587,0.1846387295873135,0.2764935298804709,0.2767959102086647,Experiment37Selected,Experiment37Selected,0.1862180133509995,0.184430890073715,0.275051545501341,0.2751200549077657,/data/dataset/strong_forecaster/three_backbone_integrated_evidence/adaptive_rescue_conditions.csv,0.959694094639481,0.10479733244398992,0.1862308107587,0.1846387295873135,0.2764935298804709,0.2767959102086647,Experiment37Selected,Experiment37Selected,0.0015920811713864835,0.8548967621954615,2.9531932455029164e-14
Electricity,TimeMixer,720,0.2904504251384102,0.2267836151546896,0.2261249211803285,0.310885006557952,0.311662019798137,Experiment37Selected,Experiment37Selected,0.2247312053972047,0.2231839880381769,0.3128077322602691,0.3132855845355471,/data/dataset/strong_forecaster/three_backbone_integrated_evidence/adaptive_rescue_conditions.csv,0.6884746407572296,0.39802421561881945,0.2267836151546896,0.2261249211803285,0.310885006557952,0.311662019798137,Experiment37Selected,Experiment37Selected,0.0006586939743610798,0.29045042513842245,1.226796442210798e-14
Electricity,iTransformer,96,1.4666028521562668,0.1500666534480919,0.1478657716284867,0.2416821870295359,0.2413521770969945,Experiment37Selected,Experiment37Selected,0.1482752020718383,0.1463097019940278,0.2397069622410224,0.239499972213815,/data/dataset/strong_forecaster/three_backbone_integrated_evidence/adaptive_rescue_conditions.csv,1.3255757202463603,0.14102713190990657,0.1500666534480919,0.1478657716284867,0.2416821870295359,0.2413521770969945,Experiment37Selected,Experiment37Selected,0.002200881819605205,1.4666028521562857,1.887379141862766e-14
Electricity,iTransformer,192,0.962485160449841,0.1632234152212496,0.1616524140713656,0.2538381294998024,0.2539375428011695,Experiment37Selected,Experiment37Selected,0.186433094371084,0.183813294613707,0.2752880610179217,0.2760092418653345,/data/dataset/strong_forecaster/relevance_to_forecasting_meta_analysis/all_48_conditions.csv,1.4052224827435653,0.4427373222937243,0.1632234152212496,0.1616524140713656,0.2538381294998024,0.2539375428011695,Experiment37Selected,Experiment37Selected,0.0015710011498840104,0.9624851604498752,3.419486915845482e-14
Electricity,iTransformer,336,1.010947691460949,0.1771945214589089,0.1754031775348248,0.2691265831043549,0.2697051713736265,Experiment37Selected,Experiment37Selected,0.1796874444533689,0.1785029030271761,0.2723843580766436,0.2732368720179618,/data/dataset/strong_forecaster/three_backbone_integrated_evidence/adaptive_rescue_conditions.csv,0.6592232583619329,0.35172443309901613,0.1771945214589089,0.1754031775348248,0.2691265831043549,0.2697051713736265,Experiment37Selected,Experiment37Selected,0.0017913439240841156,1.0109476914609492,2.220446049250313e-16
Electricity,iTransformer,720,0.0899240101128388,0.2167702880849344,0.2165753595491553,0.3035190807747585,0.3048584723499239,Experiment37Selected,Experiment37Selected,0.2170535137456216,0.2152173319789899,0.3042019635943207,0.3053174799997912,/data/dataset/strong_forecaster/three_backbone_integrated_evidence/adaptive_rescue_conditions.csv,0.8459580934421682,0.7560340833293294,0.2167702880849344,0.2165753595491553,0.3035190807747585,0.3048584723499239,Experiment37Selected,Experiment37Selected,0.00019492853577909863,0.08992401011282608,1.2725931419765857e-14
Exchange,PatchTST,96,0.0,0.0887915574492728,0.0887915574492728,0.2088177169481466,0.2088177169481466,Experiment37Selected,Experiment37Selected,0.0887915574492728,0.0887915574492728,0.2088177169481466,0.2088177169481466,/data/dataset/strong_forecaster/exchange_three_backbone_frozen_historical_memory/summary.csv,0.0,0.0,0.0887915574492728,0.0887915574492728,0.2088177169481466,0.2088177169481466,Experiment37Selected,Experiment37Selected,0.0,0.0,0.0
Exchange,PatchTST,192,0.0,0.1949368863923277,0.1949368863923277,0.3161826899688168,0.3161826899688168,Experiment37Selected,Experiment37Selected,0.1949368863923277,0.1949368863923277,0.3161826899688168,0.3161826899688168,/data/dataset/strong_forecaster/exchange_three_backbone_frozen_historical_memory/summary.csv,0.0,0.0,0.1949368863923277,0.1949368863923277,0.3161826899688168,0.3161826899688168,Experiment37Selected,Experiment37Selected,0.0,0.0,0.0
Exchange,PatchTST,336,0.0,0.3462905648655438,0.3462905648655438,0.4288734468001035,0.4288734468001035,Experiment37Selected,Experiment37Selected,0.3462905648655438,0.3462905648655438,0.4288734468001035,0.4288734468001035,/data/dataset/strong_forecaster/exchange_three_backbone_frozen_historical_memory/summary.csv,0.0,0.0,0.3462905648655438,0.3462905648655438,0.4288734468001035,0.4288734468001035,Experiment37Selected,Experiment37Selected,0.0,0.0,0.0
Exchange,PatchTST,720,0.0,0.8583899663438109,0.8583899663438109,0.6929867376095403,0.6929867376095403,Experiment37Selected,Experiment37Selected,0.8583899663438109,0.8583899663438109,0.6929867376095403,0.6929867376095403,/data/dataset/strong_forecaster/exchange_three_backbone_frozen_historical_memory/summary.csv,0.0,0.0,0.8583899663438109,0.8583899663438109,0.6929867376095403,0.6929867376095403,Experiment37Selected,Experiment37Selected,0.0,0.0,0.0
Exchange,SegMoE,96,0.0,0.0870032819827006,0.0870032819827006,0.2075456483885174,0.2075456483885174,Experiment37Selected,Experiment37Selected,,,,,,,,0.0870032819827006,0.0870032819827006,0.2075456483885174,0.2075456483885174,Experiment37Selected,Experiment37Selected,0.0,0.0,0.0
Exchange,SegMoE,192,0.0,0.1831860621350999,0.1831860621350999,0.3071525825743877,0.3071525825743877,Experiment37Selected,Experiment37Selected,,,,,,,,0.1831860621350999,0.1831860621350999,0.3071525825743877,0.3071525825743877,Experiment37Selected,Experiment37Selected,0.0,0.0,0.0
Exchange,SegMoE,336,0.0,0.3310333655488302,0.3310333655488302,0.4201781689744014,0.4201781689744014,Experiment37Selected,Experiment37Selected,,,,,,,,0.3310333655488302,0.3310333655488302,0.4201781689744014,0.4201781689744014,Experiment37Selected,Experiment37Selected,0.0,0.0,0.0
Exchange,SegMoE,720,0.0,0.8083992845739248,0.8083992845739248,0.6801962909637481,0.6801962909637481,Experiment37Selected,Experiment37Selected,,,,,,,,0.8083992845739248,0.8083992845739248,0.6801962909637481,0.6801962909637481,Experiment37Selected,Experiment37Selected,0.0,0.0,0.0
Exchange,TimeMixer,96,1.7679559940247445,0.092542667149715,0.0909065535188112,0.2106000459423324,0.2087298629991448,Experiment37Selected,Experiment37Selected,0.092542667149715,0.0909065535188112,0.2106000459423324,0.2087298629991448,/data/dataset/strong_forecaster/exchange_three_backbone_frozen_historical_memory/summary.csv,1.7679559940247895,4.5075054799781356e-14,0.092542667149715,0.0909065535188112,0.2106000459423324,0.2087298629991448,Experiment37Selected,Experiment37Selected,0.001636113630903796,1.7679559940247895,4.5075054799781356e-14
Exchange,TimeMixer,192,0.0,0.1775089305750145,0.1775089305750145,0.2996925329550718,0.2996925329550718,Experiment37Selected,Experiment37Selected,0.1775089305750145,0.1775089305750145,0.2996925329550718,0.2996925329550718,/data/dataset/strong_forecaster/exchange_three_backbone_frozen_historical_memory/summary.csv,0.0,0.0,0.1775089305750145,0.1775089305750145,0.2996925329550718,0.2996925329550718,Experiment37Selected,Experiment37Selected,0.0,0.0,0.0
Exchange,TimeMixer,336,0.0,0.3293218097835839,0.3293218097835839,0.4174324805899252,0.4174324805899252,Experiment37Selected,Experiment37Selected,0.3293218097835839,0.3293218097835839,0.4174324805899252,0.4174324805899252,/data/dataset/strong_forecaster/exchange_three_backbone_frozen_historical_memory/summary.csv,0.0,0.0,0.3293218097835839,0.3293218097835839,0.4174324805899252,0.4174324805899252,Experiment37Selected,Experiment37Selected,0.0,0.0,0.0
Exchange,TimeMixer,720,0.0,1.149432104498986,1.149432104498986,0.8001252724911236,0.8001252724911236,Experiment37Selected,Experiment37Selected,1.149432104498986,1.149432104498986,0.8001252724911236,0.8001252724911236,/data/dataset/strong_forecaster/exchange_three_backbone_frozen_historical_memory/summary.csv,0.0,0.0,1.149432104498986,1.149432104498986,0.8001252724911236,0.8001252724911236,Experiment37Selected,Experiment37Selected,0.0,0.0,0.0
Exchange,iTransformer,96,0.0,0.0984711895176797,0.0984711895176797,0.2234300116222898,0.2234300116222898,Experiment37Selected,Experiment37Selected,0.0984711895176797,0.0984711895176797,0.2234300116222898,0.2234300116222898,/data/dataset/strong_forecaster/exchange_three_backbone_frozen_historical_memory/summary.csv,0.0,0.0,0.0984711895176797,0.0984711895176797,0.2234300116222898,0.2234300116222898,Experiment37Selected,Experiment37Selected,0.0,0.0,0.0
Exchange,iTransformer,192,0.0,0.1822884732481821,0.1822884732481821,0.3059674685417317,0.3059674685417317,Experiment37Selected,Experiment37Selected,0.1822884732481821,0.1822884732481821,0.3059674685417317,0.3059674685417317,/data/dataset/strong_forecaster/exchange_three_backbone_frozen_historical_memory/summary.csv,0.0,0.0,0.1822884732481821,0.1822884732481821,0.3059674685417317,0.3059674685417317,Experiment37Selected,Experiment37Selected,0.0,0.0,0.0
Exchange,iTransformer,336,0.0,0.3460226894222213,0.3460226894222213,0.4261196656842224,0.4261196656842224,Experiment37Selected,Experiment37Selected,0.3460226894222213,0.3460226894222213,0.4261196656842224,0.4261196656842224,/data/dataset/strong_forecaster/exchange_three_backbone_frozen_historical_memory/summary.csv,0.0,0.0,0.3460226894222213,0.3460226894222213,0.4261196656842224,0.4261196656842224,Experiment37Selected,Experiment37Selected,0.0,0.0,0.0
Exchange,iTransformer,720,0.0,0.8323040547127911,0.8323040547127911,0.6902834912190959,0.6902834912190959,Experiment37Selected,Experiment37Selected,0.8323040547127911,0.8323040547127911,0.6902834912190959,0.6902834912190959,/data/dataset/strong_forecaster/exchange_three_backbone_frozen_historical_memory/summary.csv,0.0,0.0,0.8323040547127911,0.8323040547127911,0.6902834912190959,0.6902834912190959,Experiment37Selected,Experiment37Selected,0.0,0.0,0.0
Solar,PatchTST,96,1.6239713984213078,0.1834286834023196,0.1804498540473651,0.2461447941188977,0.2439171854956817,Experiment37Selected,Experiment37Selected,0.1834286834023196,0.1804498540473651,0.2461447941188977,0.2439171854956817,/data/dataset/strong_forecaster/solar_three_backbone_frozen_historical_memory/summary.csv,1.623971398421338,3.019806626980426e-14,0.1834286834023196,0.1804498540473651,0.2461447941188977,0.2439171854956817,Experiment37Selected,Experiment37Selected,0.0029788293549544986,1.623971398421338,3.019806626980426e-14
Solar,PatchTST,192,0.5574703750946584,0.1887699359267186,0.187717599456842,0.2409184192772119,0.2411476597832592,Experiment37Selected,Experiment37Selected,0.1887699359267186,0.187717599456842,0.2409184192772119,0.2411476597832592,/data/dataset/strong_forecaster/solar_three_backbone_frozen_historical_memory/summary.csv,0.5574703750946438,1.454392162258955e-14,0.1887699359267186,0.187717599456842,0.2409184192772119,0.2411476597832592,Experiment37Selected,Experiment37Selected,0.001052336469876597,0.5574703750946438,1.454392162258955e-14
Solar,PatchTST,336,1.889863551048015,0.1995934477617568,0.1958214039422273,0.2536373088538962,0.2507597032778806,Experiment37Selected,Experiment37Selected,0.1995934477617568,0.1958214039422273,0.2536373088538962,0.2507597032778806,/data/dataset/strong_forecaster/solar_three_backbone_frozen_historical_memory/summary.csv,1.889863551048015,0.0,0.1995934477617568,0.1958214039422273,0.2536373088538962,0.2507597032778806,Experiment37Selected,Experiment37Selected,0.0037720438195295025,1.889863551048015,0.0
Solar,PatchTST,720,2.116874838006072,0.2139127534799074,0.2093844882262052,0.2605291778446755,0.2580265537641639,Experiment37Selected,Experiment37Selected,0.2139127534799074,0.2093844882262052,0.2605291778446755,0.2580265537641639,/data/dataset/strong_forecaster/solar_three_backbone_frozen_historical_memory/summary.csv,2.1168748380061113,3.952393967665557e-14,0.2139127534799074,0.2093844882262052,0.2605291778446755,0.2580265537641639,Experiment37Selected,Experiment37Selected,0.004528265253702202,2.1168748380061113,3.952393967665557e-14
Solar,SegMoE,96,3.983483757999599,0.1891514878018879,0.1816166690072851,0.2329188753540613,0.2316961942819413,Experiment37Selected,Experiment37Selected,,,,,,,,0.1891514878018879,0.1816166690072851,0.2329188753540613,0.2316961942819413,Experiment37Selected,Experiment37Selected,0.007534818794602799,3.9834837579996,8.881784197001252e-16
Solar,SegMoE,192,3.3476848347305985,0.2246130578758383,0.2170937206005042,0.2581548513140255,0.2616276954900982,Experiment37Selected,Experiment37Selected,,,,,,,,0.2246130578758383,0.2170937206005042,0.2581548513140255,0.2616276954900982,Experiment37Selected,Experiment37Selected,0.007519337275334104,3.3476848347306,1.3322676295501878e-15
Solar,SegMoE,336,14.495510965854288,0.2744595423203432,0.2346752292664643,0.2860790616207758,0.2791711063036513,Experiment37Selected,Experiment37Selected,,,,,,,,0.2744595423203432,0.2346752292664643,0.2860790616207758,0.2791711063036513,Experiment37Selected,Experiment37Selected,0.03978431305387889,14.495510965854304,1.5987211554602254e-14
Solar,SegMoE,720,30.8894983710867,0.3898442804190498,0.2694233377692328,0.3370395128206296,0.3030038960742263,Experiment37Selected,Experiment37Selected,,,,,,,,0.3898442804190498,0.2694233377692328,0.3370395128206296,0.3030038960742263,Experiment37Selected,Experiment37Selected,0.12042094264981701,30.889498371086688,1.0658141036401503e-14
Solar,TimeMixer,96,2.590790197621305,0.1952985305233216,0.190238755338425,0.2417479415997633,0.2420828170955047,Experiment37Selected,Experiment37Selected,0.1952985305233216,0.190238755338425,0.2417479415997633,0.2420828170955047,/data/dataset/strong_forecaster/solar_three_backbone_frozen_historical_memory/summary.csv,2.5907901976212773,2.7533531010703882e-14,0.1952985305233216,0.190238755338425,0.2417479415997633,0.2420828170955047,Experiment37Selected,Experiment37Selected,0.005059775184896614,2.5907901976212773,2.7533531010703882e-14
Solar,TimeMixer,192,4.150786990483721,0.2285472596047608,0.2190607496859794,0.2696273099237662,0.2691074866484117,Experiment37Selected,Experiment37Selected,0.2285472596047608,0.2190607496859794,0.2696273099237662,0.2691074866484117,/data/dataset/strong_forecaster/solar_three_backbone_frozen_historical_memory/summary.csv,4.150786990483686,3.4638958368304884e-14,0.2285472596047608,0.2190607496859794,0.2696273099237662,0.2691074866484117,Experiment37Selected,Experiment37Selected,0.009486509918781388,4.150786990483686,3.4638958368304884e-14
Solar,TimeMixer,336,8.842037857689531,0.2557546244569881,0.2331407037397095,0.2887077262137884,0.2809635960149015,Experiment37Selected,Experiment37Selected,0.2557546244569881,0.2331407037397095,0.2887077262137884,0.2809635960149015,/data/dataset/strong_forecaster/solar_three_backbone_frozen_historical_memory/summary.csv,8.842037857689542,1.0658141036401503e-14,0.2557546244569881,0.2331407037397095,0.2887077262137884,0.2809635960149015,Experiment37Selected,Experiment37Selected,0.022613920717278607,8.842037857689542,1.0658141036401503e-14
Solar,TimeMixer,720,5.19294461643547,0.2533367162716108,0.2401810809025298,0.2867851204386265,0.2843303477603989,Experiment37Selected,Experiment37Selected,0.2533367162716108,0.2401810809025298,0.2867851204386265,0.2843303477603989,/data/dataset/strong_forecaster/solar_three_backbone_frozen_historical_memory/summary.csv,5.1929446164354705,8.881784197001252e-16,0.2533367162716108,0.2401810809025298,0.2867851204386265,0.2843303477603989,Experiment37Selected,Experiment37Selected,0.013155635369081015,5.1929446164354705,8.881784197001252e-16
Solar,iTransformer,96,10.467056213791002,0.2040832482227266,0.1827217399083232,0.2299201397461288,0.228564496585452,Experiment37Selected,Experiment37Selected,0.2040832482227266,0.1827217399083232,0.2299201397461288,0.228564496585452,/data/dataset/strong_forecaster/solar_three_backbone_frozen_historical_memory/summary.csv,10.467056213791002,0.0,0.2040832482227266,0.1827217399083232,0.2299201397461288,0.228564496585452,Experiment37Selected,Experiment37Selected,0.02136150831440342,10.467056213791002,0.0
Solar,iTransformer,192,12.877345345882835,0.2446279860377865,0.2131263954630226,0.2635451763610652,0.2575325380871774,Experiment37Selected,Experiment37Selected,0.2446279860377865,0.2131263954630226,0.2635451763610652,0.2575325380871774,/data/dataset/strong_forecaster/solar_three_backbone_frozen_historical_memory/summary.csv,12.87734534588287,3.552713678800501e-14,0.2446279860377865,0.2131263954630226,0.2635451763610652,0.2575325380871774,Experiment37Selected,Experiment37Selected,0.0315015905747639,12.87734534588287,3.552713678800501e-14
Solar,iTransformer,336,13.990738069330709,0.2520724344224862,0.2168056403774507,0.2752909639016128,0.2650860448073997,Experiment37Selected,Experiment37Selected,0.2520724344224862,0.2168056403774507,0.2752909639016128,0.2650860448073997,/data/dataset/strong_forecaster/solar_three_backbone_frozen_historical_memory/summary.csv,13.99073806933073,2.1316282072803006e-14,0.2520724344224862,0.2168056403774507,0.2752909639016128,0.2650860448073997,Experiment37Selected,Experiment37Selected,0.03526679404503552,13.99073806933073,2.1316282072803006e-14
Solar,iTransformer,720,10.861390501766945,0.2526167011589317,0.2251790147733785,0.2759176295601034,0.269137417426183,Experiment37Selected,Experiment37Selected,0.2526167011589317,0.2251790147733785,0.2759176295601034,0.269137417426183,/data/dataset/strong_forecaster/solar_three_backbone_frozen_historical_memory/summary.csv,10.861390501766941,3.552713678800501e-15,0.2526167011589317,0.2251790147733785,0.2759176295601034,0.269137417426183,Experiment37Selected,Experiment37Selected,0.02743768638555319,10.861390501766941,3.552713678800501e-15
Traffic,PatchTST,96,0.0396005749991415,0.3719117060096196,0.3717644268355507,0.2576900387410405,0.2577253494328512,Experiment37Selected,Experiment37Selected,0.4247699346215432,0.4241448302370971,0.2704049930149648,0.271309070701722,/data/dataset/strong_forecaster/traffic_three_backbone_frozen_historical_memory/summary.csv,0.1471630483930266,0.10756247339388511,0.3719117060096196,0.3717644268355507,0.2576900387410405,0.2577253494328512,Experiment37Selected,Experiment37Selected,0.0001472791740688706,0.039600574999126587,1.4911682999496634e-14
Traffic,PatchTST,192,0.0627400133290118,0.3917456332311953,0.3914998519686902,0.2652779459879735,0.2652809101389082,Experiment37Selected,Experiment37Selected,0.4495175529060597,0.4485409267702698,0.2836303837921569,0.2835882367254945,/data/dataset/strong_forecaster/traffic_three_backbone_frozen_historical_memory/summary.csv,0.21726095665812872,0.15452094332911692,0.3917456332311953,0.3914998519686902,0.2652779459879735,0.2652809101389082,Experiment37Selected,Experiment37Selected,0.0002457812625051292,0.06274001332902598,1.4183099139586375e-14
Traffic,PatchTST,336,0.0381979725126247,0.406908366789165,0.4067529360430673,0.2723713543362867,0.2724762297710443,Experiment37Selected,Experiment37Selected,0.489704117824985,0.4891287448260126,0.2999955201452051,0.2998413293294718,/data/dataset/strong_forecaster/traffic_three_backbone_frozen_historical_memory/summary.csv,0.11749400873489395,0.07929603622226924,0.406908366789165,0.4067529360430673,0.2723713543362867,0.2724762297710443,Experiment37Selected,Experiment37Selected,0.00015543074609769558,0.038197972512624766,6.245004513516506e-17
Traffic,PatchTST,720,0.0117000498058502,0.4386681230826301,0.4386167986937471,0.2922233471023729,0.2923208931808042,Experiment37Selected,Experiment37Selected,0.5346201621328738,0.5346201621328738,0.3199026773509825,0.3199026773509825,/data/dataset/strong_forecaster/traffic_three_backbone_frozen_historical_memory/summary.csv,0.0,0.0117000498058502,0.4386681230826301,0.4386167986937471,0.2922233471023729,0.2923208931808042,Experiment37Selected,Experiment37Selected,5.1324388883000616e-05,0.01170004980583758,1.2620113287731272e-14
Traffic,SegMoE,96,0.0318602259029182,0.3664770527038604,0.3663602922869866,0.2465796588848408,0.2466234416104168,Experiment37Selected,Experiment37Selected,,,,,,,,0.3664770527038604,0.3663602922869866,0.2465796588848408,0.2466234416104168,Experiment37Selected,Experiment37Selected,0.00011676041687380678,0.031860225902918274,7.632783294297951e-17
Traffic,SegMoE,192,0.0143805768175281,0.3835089048112506,0.3834537540185921,0.2547590737354641,0.2548348317511931,Experiment37Selected,Experiment37Selected,,,,,,,,0.3835089048112506,0.3834537540185921,0.2547590737354641,0.2548348317511931,Experiment37Selected,Experiment37Selected,5.5150792658498204e-05,0.014380576817542597,1.4497084088738177e-14
Traffic,SegMoE,336,0.0079347833492626,0.3990932773047924,0.3990616101178768,0.2638411821560103,0.2639010975241485,Experiment37Selected,Experiment37Selected,,,,,,,,0.3990932773047924,0.3990616101178768,0.2638411821560103,0.2639010975241485,Experiment37Selected,Experiment37Selected,3.1667186915607104e-05,0.007934783349262606,5.204170427930421e-18
Traffic,SegMoE,720,0.0343553005403035,0.4430367654041073,0.4428845587918487,0.2896020631048043,0.2897453432473728,Experiment37Selected,Experiment37Selected,,,,,,,,0.4430367654041073,0.4428845587918487,0.2896020631048043,0.2897453432473728,Experiment37Selected,Experiment37Selected,0.00015220661225862075,0.03435530054030357,6.938893903907228e-17
Traffic,TimeMixer,96,0.1078037743318605,0.4759760206865044,0.4754629005712898,0.3027581799002423,0.3022218785471851,Experiment37Selected,Experiment37Selected,0.5234138620750829,0.5231342193891508,0.3177312494826184,0.3173232731938839,/data/dataset/strong_forecaster/traffic_three_backbone_frozen_historical_memory/summary.csv,0.053426687024185744,0.05437708730767476,0.4759760206865044,0.4754629005712898,0.3027581799002423,0.3022218785471851,Experiment37Selected,Experiment37Selected,0.0005131201152145937,0.1078037743318489,1.1601830607332886e-14
Traffic,TimeMixer,192,0.1951055176391097,0.4850800259496363,0.4841336080540434,0.3087460092251914,0.3080588909806448,Experiment37Selected,Experiment37Selected,0.5299574814900815,0.529489044927015,0.3197451698733339,0.3192034594773791,/data/dataset/strong_forecaster/traffic_three_backbone_frozen_historical_memory/summary.csv,0.0883913482548441,0.10671416938426559,0.4850800259496363,0.4841336080540434,0.3087460092251914,0.3080588909806448,Experiment37Selected,Experiment37Selected,0.0009464178955929103,0.1951055176390983,1.1379786002407855e-14
Traffic,TimeMixer,336,0.1739043351429163,0.498642347762079,0.4977751871024624,0.3143314539443401,0.3139193103289484,Experiment37Selected,Experiment37Selected,0.5534443327947386,0.55329652900496,0.322841766800761,0.3229325704271306,/data/dataset/strong_forecaster/traffic_three_backbone_frozen_historical_memory/summary.csv,0.0267061709769916,0.1471981641659247,0.498642347762079,0.4977751871024624,0.3143314539443401,0.3139193103289484,Experiment37Selected,Experiment37Selected,0.000867160659616617,0.17390433514290526,1.1046719095020308e-14
Traffic,TimeMixer,720,-0.0056374231598761,0.5320848980115259,0.5321148938887966,0.3268207321282951,0.3268085816259822,Experiment37Selected,Experiment37Selected,0.5938217026917308,0.593967979835099,0.3409823810098218,0.3411809965717018,/data/dataset/strong_forecaster/traffic_three_backbone_frozen_historical_memory/summary.csv,-0.02463317569988843,0.018995752540012328,0.5320848980115259,0.5321148938887966,0.3268207321282951,0.3268085816259822,Experiment37Selected,Experiment37Selected,-2.9995877270705407e-05,-0.005637423159876197,9.71445146547012e-17
Traffic,iTransformer,96,0.3440376151191087,0.4111624751865889,0.4097479216126922,0.2806010096249042,0.2795653891966414,Experiment37Selected,Experiment37Selected,0.4690736854829666,0.4663650592983159,0.2981723688440242,0.2952177488940082,/data/dataset/strong_forecaster/traffic_three_backbone_frozen_historical_memory/summary.csv,0.5774415125977118,0.23340389747860313,0.4111624751865889,0.4097479216126922,0.2806010096249042,0.2795653891966414,Experiment37Selected,Experiment37Selected,0.001414553573896693,0.34403761511912223,1.354472090042691e-14
Traffic,iTransformer,192,0.1609932742243773,0.4282365687097482,0.4275471366363562,0.2864257248126163,0.2856320951021556,Experiment37Selected,Experiment37Selected,0.487140675547518,0.4851267310245925,0.3041761411924288,0.3007091546751077,/data/dataset/strong_forecaster/traffic_three_backbone_frozen_historical_memory/summary.csv,0.41342154823387894,0.25242827400950163,0.4282365687097482,0.4275471366363562,0.2864257248126163,0.2856320951021556,Experiment37Selected,Experiment37Selected,0.0006894320733920045,0.1609932742243903,1.301736496372996e-14
Traffic,iTransformer,336,-0.274876714418689,0.4443371749152441,0.445558554342592,0.2944810058387463,0.2944687078898649,Experiment37Selected,Experiment37Selected,0.5163068628954497,0.5139547838678186,0.311595000414632,0.3097251388982381,/data/dataset/strong_forecaster/traffic_three_backbone_frozen_historical_memory/summary.csv,0.45555835040438236,0.7304350648230713,0.4443371749152441,0.445558554342592,0.2944810058387463,0.2944687078898649,Experiment37Selected,Experiment37Selected,-0.0012213794273479017,-0.27487671441870154,1.2545520178264269e-14
Traffic,iTransformer,720,0.3663018768493395,0.4770733836085278,0.4753258548504211,0.312971908039808,0.3121890899206157,Experiment37Selected,Experiment37Selected,0.5586936031241402,0.5575821241996786,0.3310696136485551,0.3302939823673881,/data/dataset/strong_forecaster/traffic_three_backbone_frozen_historical_memory/summary.csv,0.198942482649949,0.16735939419939053,0.4770733836085278,0.4753258548504211,0.312971908039808,0.3121890899206157,Experiment37Selected,Experiment37Selected,0.0017475287581066867,0.3663018768493395,0.0
Weather,PatchTST,96,1.503275177115733,0.149690249945833,,0.1978163951808312,,Missing,Missing,0.149690249945833,0.1474399935758348,0.1978163951808312,0.1964175751595484,/data/dataset/strong_forecaster/cross_backbone_integrated_evidence/integrated_32_condition_table.csv,1.5032751771157333,2.220446049250313e-16,0.149690249945833,0.1474399935758348,0.1978163951808312,0.1964175751595484,HistoricalRecovery,HistoricalRecovery,0.0022502563699982048,1.5032751771157333,2.220446049250313e-16
Weather,PatchTST,192,2.203906908701543,0.1947748265644509,,0.2408530072696432,,Missing,Missing,0.1947748265644509,0.1904821707053855,0.2408530072696432,0.2380721999040068,/data/dataset/strong_forecaster/cross_backbone_integrated_evidence/integrated_32_condition_table.csv,2.203906908701543,0.0,0.1947748265644509,0.1904821707053855,0.2408530072696432,0.2380721999040068,HistoricalRecovery,HistoricalRecovery,0.004292655859065381,2.203906908701543,0.0
Weather,PatchTST,336,2.26715573421446,0.2469004297119012,,0.281547886687564,,Missing,Missing,0.2469004297119012,0.2413028124618877,0.281547886687564,0.2799201052462586,/data/dataset/strong_forecaster/cross_backbone_integrated_evidence/integrated_32_condition_table.csv,2.2671557342144593,8.881784197001252e-16,0.2469004297119012,0.2413028124618877,0.281547886687564,0.2799201052462586,HistoricalRecovery,HistoricalRecovery,0.005597617250013509,2.2671557342144593,8.881784197001252e-16
Weather,PatchTST,720,2.128002822003059,0.320894337761208,,0.3343510497044519,,Missing,Missing,0.320894337761208,0.3140656971980015,0.3343510497044519,0.3317040486823336,/data/dataset/strong_forecaster/cross_backbone_integrated_evidence/integrated_32_condition_table.csv,2.128002822003059,0.0,0.320894337761208,0.3140656971980015,0.3343510497044519,0.3317040486823336,HistoricalRecovery,HistoricalRecovery,0.006828640563206534,2.128002822003059,0.0
Weather,SegMoE,96,1.3006559939347015,0.1450168227850863,0.1431306527873184,0.1886523187598445,0.1878701997855639,Experiment37Selected,Experiment37Selected,,,,,,,,0.1450168227850863,0.1431306527873184,0.1886523187598445,0.1878701997855639,Experiment37Selected,Experiment37Selected,0.0018861699977678892,1.3006559939347018,2.220446049250313e-16
Weather,SegMoE,192,1.9536379213667945,0.1894249036843081,0.1857242269334189,0.2322745690726078,0.2308987881216673,Experiment37Selected,Experiment37Selected,,,,,,,,0.1894249036843081,0.1857242269334189,0.2322745690726078,0.2308987881216673,Experiment37Selected,Experiment37Selected,0.003700676750889198,1.9536379213668096,1.509903313490213e-14
Weather,SegMoE,336,2.533651817423899,0.2422090328317391,0.2360722992694329,0.2740534449040428,0.2725723616488014,Experiment37Selected,Experiment37Selected,,,,,,,,0.2422090328317391,0.2360722992694329,0.2740534449040428,0.2725723616488014,Experiment37Selected,Experiment37Selected,0.006136733562306207,2.5336518174238996,4.440892098500626e-16
Weather,SegMoE,720,2.446978941953745,0.3183388763414138,0.3105491910732872,0.3290919562569548,0.3263438009313049,Experiment37Selected,Experiment37Selected,,,,,,,,0.3183388763414138,0.3105491910732872,0.3290919562569548,0.3263438009313049,Experiment37Selected,Experiment37Selected,0.007789685268126567,2.446978941953745,0.0
Weather,TimeMixer,96,1.0122338388547292,0.1620690931032035,,0.2079500027553629,,Missing,Missing,0.1620690931032035,0.1604285749004879,0.2079500027553629,0.2073850765118,/data/dataset/strong_forecaster/three_backbone_integrated_evidence/integrated_48_condition_table.csv,1.0122338388547292,0.0,0.1620690931032035,0.1604285749004879,0.2079500027553629,0.2073850765118,HistoricalRecovery,HistoricalRecovery,0.0016405182027156018,1.0122338388547292,0.0
Weather,TimeMixer,192,1.508427917066144,0.2086609939346848,,0.2525525820852053,,Missing,Missing,0.2086609939346848,0.2055134932501463,0.2525525820852053,0.2511058835366359,/data/dataset/strong_forecaster/three_backbone_integrated_evidence/integrated_48_condition_table.csv,1.508427917066144,0.0,0.2086609939346848,0.2055134932501463,0.2525525820852053,0.2511058835366359,HistoricalRecovery,HistoricalRecovery,0.003147500684538479,1.508427917066144,0.0
Weather,TimeMixer,336,1.7426193912560282,0.2632683886042486,,0.2907294589465656,,Missing,Missing,0.2632683886042486,0.2586806226133837,0.2907294589465656,0.2897364008990197,/data/dataset/strong_forecaster/three_backbone_integrated_evidence/integrated_48_condition_table.csv,1.742619391256028,2.220446049250313e-16,0.2632683886042486,0.2586806226133837,0.2907294589465656,0.2897364008990197,HistoricalRecovery,HistoricalRecovery,0.0045877659908649115,1.742619391256028,2.220446049250313e-16
Weather,TimeMixer,720,2.9946186282597944,0.3446384153930386,,0.3433323235063147,,Missing,Missing,0.3446384153930386,0.3343178092055393,0.3433323235063147,0.3397756003040678,/data/dataset/strong_forecaster/three_backbone_integrated_evidence/integrated_48_condition_table.csv,2.9946186282597944,0.0,0.3446384153930386,0.3343178092055393,0.3433323235063147,0.3397756003040678,HistoricalRecovery,HistoricalRecovery,0.010320606187499304,2.9946186282597944,0.0
Weather,iTransformer,96,4.201640517278116,0.173287187550216,,0.2122102898961132,,Missing,Missing,0.173287187550216,0.1660062828668544,0.2122102898961132,0.2093498261658877,/data/dataset/strong_forecaster/cross_backbone_integrated_evidence/integrated_32_condition_table.csv,4.201640517278116,0.0,0.173287187550216,0.1660062828668544,0.2122102898961132,0.2093498261658877,HistoricalRecovery,HistoricalRecovery,0.007280904683361594,4.201640517278116,0.0
Weather,iTransformer,192,4.471502166601046,0.2244360742003661,,0.2577194748080687,,Missing,Missing,0.2244360742003661,0.2144004102798624,0.2577194748080687,0.2535014721433571,/data/dataset/strong_forecaster/cross_backbone_integrated_evidence/integrated_32_condition_table.csv,4.471502166601046,0.0,0.2244360742003661,0.2144004102798624,0.2577194748080687,0.2535014721433571,HistoricalRecovery,HistoricalRecovery,0.010035663920503701,4.471502166601046,0.0
Weather,iTransformer,336,4.336659488185296,0.2827324813287091,,0.2994811512745574,,Missing,Missing,0.2827324813287091,0.2704713363509859,0.2994811512745574,0.296606759301557,/data/dataset/strong_forecaster/cross_backbone_integrated_evidence/integrated_32_condition_table.csv,4.336659488185295,8.881784197001252e-16,0.2827324813287091,0.2704713363509859,0.2994811512745574,0.296606759301557,HistoricalRecovery,HistoricalRecovery,0.012261144977723182,4.336659488185295,8.881784197001252e-16
Weather,iTransformer,720,3.80921523842684,0.3579077783525667,,0.3497195039185834,,Missing,Missing,0.3579077783525667,0.3442743007200458,0.3497195039185834,0.3446864636013554,/data/dataset/strong_forecaster/cross_backbone_integrated_evidence/integrated_32_condition_table.csv,3.80921523842684,0.0,0.3579077783525667,0.3442743007200458,0.3497195039185834,0.3446864636013554,HistoricalRecovery,HistoricalRecovery,0.01363347763252093,3.80921523842684,0.0

