Dataset,Backbone,Horizon,DirectMSE_final,FinalMSE_final,MSEGain_pct,DirectMAE_final,FinalMAE_final,MSEMetricSource,MAEMetricSource
ETTh1,PatchTST,96,0.3786316784322797,0.3827615279870898,-1.0907300656695451,0.4003025335726233,0.4050318067579521,HistoricalRecovery,HistoricalRecovery
ETTh1,PatchTST,192,0.4136943163724244,0.4206310595900976,-1.6767799177179168,0.420977502773663,0.4291802018568935,HistoricalRecovery,HistoricalRecovery
ETTh1,PatchTST,336,0.4419843267652349,0.4484677668643702,-1.466893667154631,0.4414341190750536,0.4489392161954034,HistoricalRecovery,HistoricalRecovery
ETTh1,PatchTST,720,0.4615096175155673,0.4796535043598817,-3.931421178606831,0.4738671277080254,0.4896009953455276,HistoricalRecovery,HistoricalRecovery
ETTh1,SegMoE,96,0.4296767951906189,0.4342006546445458,-1.0528517026198552,0.4379326154902014,0.4417802844073558,Experiment37Selected,Experiment37Selected
ETTh1,SegMoE,192,0.4816947292812827,0.4926025609791352,-2.2644698052078662,0.4730623077221267,0.48006851514093,Experiment37Selected,Experiment37Selected
ETTh1,SegMoE,336,0.5353943558625719,0.5476472182995222,-2.288567726346274,0.5056120480765447,0.5127866768812056,Experiment37Selected,Experiment37Selected
ETTh1,SegMoE,720,0.6573501804433955,0.7020252930235016,-6.796242536964361,0.5717583618412764,0.5938950131121459,Experiment37Selected,Experiment37Selected
ETTh1,TimeMixer,96,0.3888394201434738,0.3910450029140804,-0.5672220089703875,0.4021625622588466,0.4048184387906245,HistoricalRecovery,HistoricalRecovery
ETTh1,TimeMixer,192,0.4422553025672792,0.4450863036314942,-0.6401282353837575,0.4296011795462509,0.4358024347049911,HistoricalRecovery,HistoricalRecovery
ETTh1,TimeMixer,336,0.5179183060825632,0.5258418226389279,-1.5298776782571537,0.4746646362759863,0.4840476711889016,HistoricalRecovery,HistoricalRecovery
ETTh1,TimeMixer,720,0.5121868419430764,0.5444491793842229,-6.298939136888656,0.4847439881686903,0.5135535739534901,HistoricalRecovery,HistoricalRecovery
ETTh1,iTransformer,96,0.3923034664381362,0.3942814506627947,-0.5041974883926799,0.4073341382510888,0.4107916909669764,HistoricalRecovery,HistoricalRecovery
ETTh1,iTransformer,192,0.4426393129427489,0.449096304003759,-1.4587477596788287,0.4347371311961573,0.4426688007809441,HistoricalRecovery,HistoricalRecovery
ETTh1,iTransformer,336,0.4892628318326041,0.498000449354748,-1.7858739625521758,0.4614567762732549,0.4733257815919528,HistoricalRecovery,HistoricalRecovery
ETTh1,iTransformer,720,0.5065068663584659,0.5362692136984412,-5.876000764600067,0.4928942498363393,0.5159122159523901,HistoricalRecovery,HistoricalRecovery
Electricity,PatchTST,96,0.1296379187669977,0.1285494704724705,0.839606424477914,0.2227903287574926,0.2227182700745092,Experiment37Selected,Experiment37Selected
Electricity,PatchTST,192,0.148801832390281,0.1481384596814341,0.445809502605422,0.2426373333978889,0.2429543635630196,Experiment37Selected,Experiment37Selected
Electricity,PatchTST,336,0.1653115366389711,0.1639545161763496,0.8208867270921726,0.2592837069076097,0.2593299005846275,Experiment37Selected,Experiment37Selected
Electricity,PatchTST,720,0.2028593432612604,0.2042231810770793,-0.6723071236913386,0.2917692096710881,0.2931043773197361,Experiment37Selected,Experiment37Selected
Electricity,SegMoE,96,0.1310534728391639,0.130372734604499,0.519435479211152,0.225168733502784,0.2253892782407869,Experiment37Selected,Experiment37Selected
Electricity,SegMoE,192,0.1487835852561396,0.148368950057832,0.2786834297572532,0.2420533501093928,0.2421817553247262,Experiment37Selected,Experiment37Selected
Electricity,SegMoE,336,0.166728684018765,0.1662401201674203,0.2930292734090838,0.2612688590206781,0.2614591146115718,Experiment37Selected,Experiment37Selected
Electricity,SegMoE,720,0.2109205730183504,0.2101883379519447,0.3471615195839518,0.3013443849486819,0.3020732212234451,Experiment37Selected,Experiment37Selected
Electricity,TimeMixer,96,0.1568328585310262,0.1562692102331507,0.3593942641579941,0.2478995504474172,0.2478840053460131,Experiment37Selected,Experiment37Selected
Electricity,TimeMixer,192,0.1703962488794926,0.1696083798234445,0.4623746480506918,0.2605183201069985,0.260731170837892,Experiment37Selected,Experiment37Selected
Electricity,TimeMixer,336,0.1862308107587,0.1846387295873135,0.854896762195491,0.2764935298804709,0.2767959102086647,Experiment37Selected,Experiment37Selected
Electricity,TimeMixer,720,0.2267836151546896,0.2261249211803285,0.2904504251384102,0.310885006557952,0.311662019798137,Experiment37Selected,Experiment37Selected
Electricity,iTransformer,96,0.1500666534480919,0.1478657716284867,1.4666028521562668,0.2416821870295359,0.2413521770969945,Experiment37Selected,Experiment37Selected
Electricity,iTransformer,192,0.1632234152212496,0.1616524140713656,0.962485160449841,0.2538381294998024,0.2539375428011695,Experiment37Selected,Experiment37Selected
Electricity,iTransformer,336,0.1771945214589089,0.1754031775348248,1.010947691460949,0.2691265831043549,0.2697051713736265,Experiment37Selected,Experiment37Selected
Electricity,iTransformer,720,0.2167702880849344,0.2165753595491553,0.0899240101128388,0.3035190807747585,0.3048584723499239,Experiment37Selected,Experiment37Selected
Exchange,PatchTST,96,0.0887915574492728,0.0887915574492728,0.0,0.2088177169481466,0.2088177169481466,Experiment37Selected,Experiment37Selected
Exchange,PatchTST,192,0.1949368863923277,0.1949368863923277,0.0,0.3161826899688168,0.3161826899688168,Experiment37Selected,Experiment37Selected
Exchange,PatchTST,336,0.3462905648655438,0.3462905648655438,0.0,0.4288734468001035,0.4288734468001035,Experiment37Selected,Experiment37Selected
Exchange,PatchTST,720,0.8583899663438109,0.8583899663438109,0.0,0.6929867376095403,0.6929867376095403,Experiment37Selected,Experiment37Selected
Exchange,SegMoE,96,0.0870032819827006,0.0870032819827006,0.0,0.2075456483885174,0.2075456483885174,Experiment37Selected,Experiment37Selected
Exchange,SegMoE,192,0.1831860621350999,0.1831860621350999,0.0,0.3071525825743877,0.3071525825743877,Experiment37Selected,Experiment37Selected
Exchange,SegMoE,336,0.3310333655488302,0.3310333655488302,0.0,0.4201781689744014,0.4201781689744014,Experiment37Selected,Experiment37Selected
Exchange,SegMoE,720,0.8083992845739248,0.8083992845739248,0.0,0.6801962909637481,0.6801962909637481,Experiment37Selected,Experiment37Selected
Exchange,TimeMixer,96,0.092542667149715,0.0909065535188112,1.7679559940247445,0.2106000459423324,0.2087298629991448,Experiment37Selected,Experiment37Selected
Exchange,TimeMixer,192,0.1775089305750145,0.1775089305750145,0.0,0.2996925329550718,0.2996925329550718,Experiment37Selected,Experiment37Selected
Exchange,TimeMixer,336,0.3293218097835839,0.3293218097835839,0.0,0.4174324805899252,0.4174324805899252,Experiment37Selected,Experiment37Selected
Exchange,TimeMixer,720,1.149432104498986,1.149432104498986,0.0,0.8001252724911236,0.8001252724911236,Experiment37Selected,Experiment37Selected
Exchange,iTransformer,96,0.0984711895176797,0.0984711895176797,0.0,0.2234300116222898,0.2234300116222898,Experiment37Selected,Experiment37Selected
Exchange,iTransformer,192,0.1822884732481821,0.1822884732481821,0.0,0.3059674685417317,0.3059674685417317,Experiment37Selected,Experiment37Selected
Exchange,iTransformer,336,0.3460226894222213,0.3460226894222213,0.0,0.4261196656842224,0.4261196656842224,Experiment37Selected,Experiment37Selected
Exchange,iTransformer,720,0.8323040547127911,0.8323040547127911,0.0,0.6902834912190959,0.6902834912190959,Experiment37Selected,Experiment37Selected
Solar,PatchTST,96,0.1834286834023196,0.1804498540473651,1.6239713984213078,0.2461447941188977,0.2439171854956817,Experiment37Selected,Experiment37Selected
Solar,PatchTST,192,0.1887699359267186,0.187717599456842,0.5574703750946584,0.2409184192772119,0.2411476597832592,Experiment37Selected,Experiment37Selected
Solar,PatchTST,336,0.1995934477617568,0.1958214039422273,1.889863551048015,0.2536373088538962,0.2507597032778806,Experiment37Selected,Experiment37Selected
Solar,PatchTST,720,0.2139127534799074,0.2093844882262052,2.116874838006072,0.2605291778446755,0.2580265537641639,Experiment37Selected,Experiment37Selected
Solar,SegMoE,96,0.1891514878018879,0.1816166690072851,3.983483757999599,0.2329188753540613,0.2316961942819413,Experiment37Selected,Experiment37Selected
Solar,SegMoE,192,0.2246130578758383,0.2170937206005042,3.3476848347305985,0.2581548513140255,0.2616276954900982,Experiment37Selected,Experiment37Selected
Solar,SegMoE,336,0.2744595423203432,0.2346752292664643,14.495510965854288,0.2860790616207758,0.2791711063036513,Experiment37Selected,Experiment37Selected
Solar,SegMoE,720,0.3898442804190498,0.2694233377692328,30.8894983710867,0.3370395128206296,0.3030038960742263,Experiment37Selected,Experiment37Selected
Solar,TimeMixer,96,0.1952985305233216,0.190238755338425,2.590790197621305,0.2417479415997633,0.2420828170955047,Experiment37Selected,Experiment37Selected
Solar,TimeMixer,192,0.2285472596047608,0.2190607496859794,4.150786990483721,0.2696273099237662,0.2691074866484117,Experiment37Selected,Experiment37Selected
Solar,TimeMixer,336,0.2557546244569881,0.2331407037397095,8.842037857689531,0.2887077262137884,0.2809635960149015,Experiment37Selected,Experiment37Selected
Solar,TimeMixer,720,0.2533367162716108,0.2401810809025298,5.19294461643547,0.2867851204386265,0.2843303477603989,Experiment37Selected,Experiment37Selected
Solar,iTransformer,96,0.2040832482227266,0.1827217399083232,10.467056213791002,0.2299201397461288,0.228564496585452,Experiment37Selected,Experiment37Selected
Solar,iTransformer,192,0.2446279860377865,0.2131263954630226,12.877345345882835,0.2635451763610652,0.2575325380871774,Experiment37Selected,Experiment37Selected
Solar,iTransformer,336,0.2520724344224862,0.2168056403774507,13.990738069330709,0.2752909639016128,0.2650860448073997,Experiment37Selected,Experiment37Selected
Solar,iTransformer,720,0.2526167011589317,0.2251790147733785,10.861390501766945,0.2759176295601034,0.269137417426183,Experiment37Selected,Experiment37Selected
Traffic,PatchTST,96,0.3719117060096196,0.3717644268355507,0.0396005749991415,0.2576900387410405,0.2577253494328512,Experiment37Selected,Experiment37Selected
Traffic,PatchTST,192,0.3917456332311953,0.3914998519686902,0.0627400133290118,0.2652779459879735,0.2652809101389082,Experiment37Selected,Experiment37Selected
Traffic,PatchTST,336,0.406908366789165,0.4067529360430673,0.0381979725126247,0.2723713543362867,0.2724762297710443,Experiment37Selected,Experiment37Selected
Traffic,PatchTST,720,0.4386681230826301,0.4386167986937471,0.0117000498058502,0.2922233471023729,0.2923208931808042,Experiment37Selected,Experiment37Selected
Traffic,SegMoE,96,0.3664770527038604,0.3663602922869866,0.0318602259029182,0.2465796588848408,0.2466234416104168,Experiment37Selected,Experiment37Selected
Traffic,SegMoE,192,0.3835089048112506,0.3834537540185921,0.0143805768175281,0.2547590737354641,0.2548348317511931,Experiment37Selected,Experiment37Selected
Traffic,SegMoE,336,0.3990932773047924,0.3990616101178768,0.0079347833492626,0.2638411821560103,0.2639010975241485,Experiment37Selected,Experiment37Selected
Traffic,SegMoE,720,0.4430367654041073,0.4428845587918487,0.0343553005403035,0.2896020631048043,0.2897453432473728,Experiment37Selected,Experiment37Selected
Traffic,TimeMixer,96,0.4759760206865044,0.4754629005712898,0.1078037743318605,0.3027581799002423,0.3022218785471851,Experiment37Selected,Experiment37Selected
Traffic,TimeMixer,192,0.4850800259496363,0.4841336080540434,0.1951055176391097,0.3087460092251914,0.3080588909806448,Experiment37Selected,Experiment37Selected
Traffic,TimeMixer,336,0.498642347762079,0.4977751871024624,0.1739043351429163,0.3143314539443401,0.3139193103289484,Experiment37Selected,Experiment37Selected
Traffic,TimeMixer,720,0.5320848980115259,0.5321148938887966,-0.0056374231598761,0.3268207321282951,0.3268085816259822,Experiment37Selected,Experiment37Selected
Traffic,iTransformer,96,0.4111624751865889,0.4097479216126922,0.3440376151191087,0.2806010096249042,0.2795653891966414,Experiment37Selected,Experiment37Selected
Traffic,iTransformer,192,0.4282365687097482,0.4275471366363562,0.1609932742243773,0.2864257248126163,0.2856320951021556,Experiment37Selected,Experiment37Selected
Traffic,iTransformer,336,0.4443371749152441,0.445558554342592,-0.274876714418689,0.2944810058387463,0.2944687078898649,Experiment37Selected,Experiment37Selected
Traffic,iTransformer,720,0.4770733836085278,0.4753258548504211,0.3663018768493395,0.312971908039808,0.3121890899206157,Experiment37Selected,Experiment37Selected
Weather,PatchTST,96,0.149690249945833,0.1474399935758348,1.503275177115733,0.1978163951808312,0.1964175751595484,HistoricalRecovery,HistoricalRecovery
Weather,PatchTST,192,0.1947748265644509,0.1904821707053855,2.203906908701543,0.2408530072696432,0.2380721999040068,HistoricalRecovery,HistoricalRecovery
Weather,PatchTST,336,0.2469004297119012,0.2413028124618877,2.26715573421446,0.281547886687564,0.2799201052462586,HistoricalRecovery,HistoricalRecovery
Weather,PatchTST,720,0.320894337761208,0.3140656971980015,2.128002822003059,0.3343510497044519,0.3317040486823336,HistoricalRecovery,HistoricalRecovery
Weather,SegMoE,96,0.1450168227850863,0.1431306527873184,1.3006559939347015,0.1886523187598445,0.1878701997855639,Experiment37Selected,Experiment37Selected
Weather,SegMoE,192,0.1894249036843081,0.1857242269334189,1.9536379213667945,0.2322745690726078,0.2308987881216673,Experiment37Selected,Experiment37Selected
Weather,SegMoE,336,0.2422090328317391,0.2360722992694329,2.533651817423899,0.2740534449040428,0.2725723616488014,Experiment37Selected,Experiment37Selected
Weather,SegMoE,720,0.3183388763414138,0.3105491910732872,2.446978941953745,0.3290919562569548,0.3263438009313049,Experiment37Selected,Experiment37Selected
Weather,TimeMixer,96,0.1620690931032035,0.1604285749004879,1.0122338388547292,0.2079500027553629,0.2073850765118,HistoricalRecovery,HistoricalRecovery
Weather,TimeMixer,192,0.2086609939346848,0.2055134932501463,1.508427917066144,0.2525525820852053,0.2511058835366359,HistoricalRecovery,HistoricalRecovery
Weather,TimeMixer,336,0.2632683886042486,0.2586806226133837,1.7426193912560282,0.2907294589465656,0.2897364008990197,HistoricalRecovery,HistoricalRecovery
Weather,TimeMixer,720,0.3446384153930386,0.3343178092055393,2.9946186282597944,0.3433323235063147,0.3397756003040678,HistoricalRecovery,HistoricalRecovery
Weather,iTransformer,96,0.173287187550216,0.1660062828668544,4.201640517278116,0.2122102898961132,0.2093498261658877,HistoricalRecovery,HistoricalRecovery
Weather,iTransformer,192,0.2244360742003661,0.2144004102798624,4.471502166601046,0.2577194748080687,0.2535014721433571,HistoricalRecovery,HistoricalRecovery
Weather,iTransformer,336,0.2827324813287091,0.2704713363509859,4.336659488185296,0.2994811512745574,0.296606759301557,HistoricalRecovery,HistoricalRecovery
Weather,iTransformer,720,0.3579077783525667,0.3442743007200458,3.80921523842684,0.3497195039185834,0.3446864636013554,HistoricalRecovery,HistoricalRecovery

