Dataset,Backbone,Horizon,MSEGain_pct,Final_CI_Low,Final_CI_High,SignClass,SignificanceSource
ETTh1,PatchTST,96,-1.0907300656695451,-0.0062884906441294,-0.0020740014532684,negative,Experiment37Selected
ETTh1,PatchTST,192,-1.6767799177179168,-0.0093494531229919,-0.0042591942637028,negative,Experiment37Selected
ETTh1,PatchTST,336,-1.466893667154631,-0.0083307668865312,-0.0044928507604919,negative,Experiment37Selected
ETTh1,PatchTST,720,-3.931421178606831,-0.0221135735784151,-0.0142287637564331,negative,Experiment37Selected
ETTh1,SegMoE,96,-1.0528517026198552,-0.0066341444897456,-0.0022601129877654,negative,Experiment37Selected
ETTh1,SegMoE,192,-2.2644698052078662,-0.0136796182184957,-0.0080552567520848,negative,Experiment37Selected
ETTh1,SegMoE,336,-2.288567726346274,-0.0149818720175865,-0.0093203131248044,negative,Experiment37Selected
ETTh1,SegMoE,720,-6.796242536964361,-0.0510399621023885,-0.038125011280015,negative,Experiment37Selected
ETTh1,TimeMixer,96,-0.5672220089703875,-0.003479784111922,-0.0008902595711193,negative,Experiment37Selected
ETTh1,TimeMixer,192,-0.6401282353837575,-0.0063266554514175,0.0012694569553261,nonsignificant,Experiment37Selected
ETTh1,TimeMixer,336,-1.5298776782571537,-0.0117247207541831,-0.0040465265901828,negative,Experiment37Selected
ETTh1,TimeMixer,720,-6.298939136888656,-0.0392437507120451,-0.0251743536792464,negative,Experiment37Selected
ETTh1,iTransformer,96,-0.5041974883926799,-0.0042857081927961,0.0004483436554322,nonsignificant,Experiment37Selected
ETTh1,iTransformer,192,-1.4587477596788287,-0.0095148248674868,-0.0028942879671753,negative,Experiment37Selected
ETTh1,iTransformer,336,-1.7858739625521758,-0.0126721965439602,-0.0045959066848448,negative,Experiment37Selected
ETTh1,iTransformer,720,-5.876000764600067,-0.0357953809577521,-0.0236114886063136,negative,Experiment37Selected
Electricity,PatchTST,96,0.839606424477914,0.0006280292569148,0.0016438898432274,positive,Experiment37Selected
Electricity,PatchTST,192,0.445809502605422,0.0003202408222927,0.0010738589266793,positive,Experiment37Selected
Electricity,PatchTST,336,0.8208867270921726,0.0010078441653835,0.0017841751757006,positive,Experiment37Selected
Electricity,PatchTST,720,-0.6723071236913386,-0.0031200680794779,0.0004544456200409,nonsignificant,Experiment37Selected
Electricity,SegMoE,96,0.519435479211152,0.0004529985469213,0.0009459846651782,positive,Experiment37Selected
Electricity,SegMoE,192,0.2786834297572532,0.0002957525040052,0.0005549872147085,positive,Experiment37Selected
Electricity,SegMoE,336,0.2930292734090838,0.0003482458153124,0.0006380187122501,positive,Experiment37Selected
Electricity,SegMoE,720,0.3471615195839518,0.0001603783721724,0.0013123990763187,positive,Experiment37Selected
Electricity,TimeMixer,96,0.3593942641579941,0.0003884102052144,0.000723543018896,positive,Experiment37Selected
Electricity,TimeMixer,192,0.4623746480506918,0.000609909133972,0.0009757898176523,positive,Experiment37Selected
Electricity,TimeMixer,336,0.854896762195491,0.0012050111145915,0.0020578282092352,positive,Experiment37Selected
Electricity,TimeMixer,720,0.2904504251384102,-0.0003990954179886,0.0016736296031593,nonsignificant,Experiment37Selected
Electricity,iTransformer,96,1.4666028521562668,0.0030567374892554,0.004785589035366,positive,HistoricalRecovery
Electricity,iTransformer,192,0.962485160449841,0.0018295621359417,0.0034594523475164,positive,HistoricalRecovery
Electricity,iTransformer,336,1.010947691460949,0.0029983265183601,0.004982404504444,positive,HistoricalRecovery
Electricity,iTransformer,720,0.0899240101128388,0.0057714894200652,0.0088483037427477,positive,HistoricalRecovery
Exchange,PatchTST,96,0.0,0.0,0.0,nonsignificant,HistoricalRecovery
Exchange,PatchTST,192,0.0,0.0,0.0,nonsignificant,HistoricalRecovery
Exchange,PatchTST,336,0.0,0.0,0.0,nonsignificant,HistoricalRecovery
Exchange,PatchTST,720,0.0,0.0,0.0,nonsignificant,HistoricalRecovery
Exchange,SegMoE,96,0.0,0.0,0.0,nonsignificant,Experiment37Selected
Exchange,SegMoE,192,0.0,0.0,0.0,nonsignificant,Experiment37Selected
Exchange,SegMoE,336,0.0,0.0,0.0,nonsignificant,Experiment37Selected
Exchange,SegMoE,720,0.0,0.0,0.0,nonsignificant,Experiment37Selected
Exchange,TimeMixer,96,1.7679559940247445,0.0009518411081892,0.0023723000458653,positive,HistoricalRecovery
Exchange,TimeMixer,192,0.0,0.0,0.0,nonsignificant,HistoricalRecovery
Exchange,TimeMixer,336,0.0,0.0,0.0,nonsignificant,HistoricalRecovery
Exchange,TimeMixer,720,0.0,0.0,0.0,nonsignificant,HistoricalRecovery
Exchange,iTransformer,96,0.0,0.0,0.0,nonsignificant,HistoricalRecovery
Exchange,iTransformer,192,0.0,0.0,0.0,nonsignificant,HistoricalRecovery
Exchange,iTransformer,336,0.0,0.0,0.0,nonsignificant,HistoricalRecovery
Exchange,iTransformer,720,0.0,0.0,0.0,nonsignificant,HistoricalRecovery
Solar,PatchTST,96,1.6239713984213078,-0.0012814823198083,0.0073687775436244,nonsignificant,HistoricalRecovery
Solar,PatchTST,192,0.5574703750946584,-0.0018703361564759,0.003870975101819,nonsignificant,HistoricalRecovery
Solar,PatchTST,336,1.889863551048015,0.002086532273173,0.0053851804315423,positive,HistoricalRecovery
Solar,PatchTST,720,2.116874838006072,0.0027375739957366,0.006250527066191,positive,HistoricalRecovery
Solar,SegMoE,96,3.983483757999599,0.0016192058737919,0.013436405473025,positive,Experiment37Selected
Solar,SegMoE,192,3.3476848347305985,8.751107766905242e-05,0.0153000834423237,positive,Experiment37Selected
Solar,SegMoE,336,14.495510965854288,0.0305250423758419,0.0490051878625548,positive,Experiment37Selected
Solar,SegMoE,720,30.8894983710867,0.1080772260707041,0.1323034107496409,positive,Experiment37Selected
Solar,TimeMixer,96,2.590790197621305,0.0009051457715724,0.0097909768641399,positive,HistoricalRecovery
Solar,TimeMixer,192,4.150786990483721,0.0027348116042395,0.0166651290384898,positive,HistoricalRecovery
Solar,TimeMixer,336,8.842037857689531,0.0167811973691129,0.0289672814966656,positive,HistoricalRecovery
Solar,TimeMixer,720,5.19294461643547,0.0069021479236349,0.019541005608182,positive,HistoricalRecovery
Solar,iTransformer,96,10.467056213791002,0.0122699937720677,0.0309004691115775,positive,HistoricalRecovery
Solar,iTransformer,192,12.877345345882835,0.0219534110451324,0.0419974224926387,positive,HistoricalRecovery
Solar,iTransformer,336,13.990738069330709,0.0279031321260951,0.0436907334548777,positive,HistoricalRecovery
Solar,iTransformer,720,10.861390501766945,0.0202486235284537,0.0351776749213662,positive,HistoricalRecovery
Traffic,PatchTST,96,0.0396005749991415,-8.998621978824031e-06,0.0003263104207095,nonsignificant,Experiment37Selected
Traffic,PatchTST,192,0.0627400133290118,0.0001432359989037,0.000341904527691,positive,Experiment37Selected
Traffic,PatchTST,336,0.0381979725126247,7.890919913187637e-05,0.0002210197876933,positive,Experiment37Selected
Traffic,PatchTST,720,0.0117000498058502,2.879157165508195e-05,7.541298161018017e-05,positive,Experiment37Selected
Traffic,SegMoE,96,0.0318602259029182,7.018633863547313e-05,0.0001648994383707,positive,Experiment37Selected
Traffic,SegMoE,192,0.0143805768175281,3.434242880017347e-05,7.396870985389079e-05,positive,Experiment37Selected
Traffic,SegMoE,336,0.0079347833492626,2.35239310930326e-05,3.863932829605004e-05,positive,Experiment37Selected
Traffic,SegMoE,720,0.0343553005403035,0.0001223098990223,0.0001817641366378,positive,Experiment37Selected
Traffic,TimeMixer,96,0.1078037743318605,0.000100636323098,0.0009512982073895,positive,Experiment37Selected
Traffic,TimeMixer,192,0.1951055176391097,0.0005295504072109,0.001469989402182,positive,Experiment37Selected
Traffic,TimeMixer,336,0.1739043351429163,0.0005792059401138,0.0012731626780108,positive,Experiment37Selected
Traffic,TimeMixer,720,-0.0056374231598761,-0.0003174320843729,0.0002594643869187,nonsignificant,Experiment37Selected
Traffic,iTransformer,96,0.3440376151191087,0.0009699458819032,0.0019120549013057,positive,Experiment37Selected
Traffic,iTransformer,192,0.1609932742243773,0.0001213927029718,0.0012828366857337,positive,Experiment37Selected
Traffic,iTransformer,336,-0.274876714418689,-0.001933325901557,-0.0005872458261794,negative,Experiment37Selected
Traffic,iTransformer,720,0.3663018768493395,0.0011894640042261,0.0022837363915466,positive,Experiment37Selected
Weather,PatchTST,96,1.503275177115733,0.0013200072192939,0.003172379040085,positive,Experiment37Selected
Weather,PatchTST,192,2.203906908701543,0.0033191660582186,0.0053250933267161,positive,Experiment37Selected
Weather,PatchTST,336,2.26715573421446,0.0042417223366676,0.006881610397222,positive,Experiment37Selected
Weather,PatchTST,720,2.128002822003059,0.0053686617693034,0.0083407865780123,positive,Experiment37Selected
Weather,SegMoE,96,1.3006559939347015,0.0012840110393216,0.0025082882918067,positive,Experiment37Selected
Weather,SegMoE,192,1.9536379213667945,0.0028205900133156,0.0046678610864583,positive,Experiment37Selected
Weather,SegMoE,336,2.533651817423899,0.0047785049982347,0.0075513030164717,positive,Experiment37Selected
Weather,SegMoE,720,2.446978941953745,0.0063654657503937,0.0093697113500734,positive,Experiment37Selected
Weather,TimeMixer,96,1.0122338388547292,0.0012405691624161,0.0020626194036752,positive,Experiment37Selected
Weather,TimeMixer,192,1.508427917066144,0.0026417411654913,0.0037207663440475,positive,Experiment37Selected
Weather,TimeMixer,336,1.7426193912560282,0.0039345722863748,0.0052902487099319,positive,Experiment37Selected
Weather,TimeMixer,720,2.9946186282597944,0.0089689893712519,0.0116849072946732,positive,Experiment37Selected
Weather,iTransformer,96,4.201640517278116,0.0055873786645394,0.0090507621280194,positive,Experiment37Selected
Weather,iTransformer,192,4.471502166601046,0.0083672566486209,0.0120793742513817,positive,Experiment37Selected
Weather,iTransformer,336,4.336659488185296,0.010365806689465,0.014489947161785,positive,Experiment37Selected
Weather,iTransformer,720,3.80921523842684,0.0118178691241374,0.0155994228837924,positive,Experiment37Selected

