dataset,horizon,pearson,anchored_l2,prr,aprr,aprr_gain_vs_l2_pct,aprr_gain_vs_prr_pct,mean_union_size,mean_learned_only,mean_final_top10_learned_only_fraction,aprr_gain_vs_pearson_pct
ETTh1,96,1.612267,1.100985,1.1643,1.169513,-6.224259,-0.447777,178.660034,78.660034,0.610828,27.46158049504207
ETTh1,192,1.817531,1.277228,1.2229,1.194268,6.495362,2.34134,179.558472,79.558472,0.651917,34.29173972823572
ETTh1,336,1.992872,1.446432,1.4816,1.438145,0.572915,2.932959,182.452759,82.452759,0.67345,27.835555921303524
ETTh1,720,2.254092,1.714012,1.4618,1.446335,15.61699,1.057953,183.043335,83.043335,0.717859,35.83513893842842
Electricity,96,1.179589,0.703011,0.7191,0.716782,-1.958886,0.322384,157.494507,57.494507,0.190649,39.23459781330616
Electricity,192,1.195698,0.728439,0.7345,0.733713,-0.723915,0.107192,156.397095,56.397095,0.146582,38.63726459356794
Electricity,336,1.241844,0.768702,0.7648,0.774582,-0.764941,-1.279046,159.852905,59.852905,0.168384,37.62646515987515
Electricity,720,1.287729,0.81597,0.8602,0.858952,-5.26761,0.145105,167.626709,67.626709,0.258435,33.29714559507473
Exchange,96,0.213266,0.186254,0.1652,0.199907,-7.330289,-21.009263,185.393066,85.393066,0.789258,6.264008327628412
Exchange,192,0.423408,0.379211,0.4116,0.411132,-8.417648,0.113708,185.572144,85.572144,0.746313,2.8993311415939256
Exchange,336,0.764282,0.684537,0.8094,0.713097,-4.172141,11.898046,184.405884,84.405884,0.777979,6.697135350564325
Exchange,720,1.886809,1.865029,1.777,1.685231,9.640511,5.164261,186.763158,86.763158,0.843296,10.683540305351523
Solar,96,0.588674,0.488054,0.5087,0.500102,-2.468661,1.690159,172.83252,72.83252,0.319788,15.046018679268998
Solar,192,0.59789,0.518212,0.5406,0.537293,-3.682201,0.611692,169.13208,69.13208,0.396008,10.13514191573701
Solar,336,0.623836,0.533977,0.5701,0.569866,-6.721,0.041066,168.803833,68.803833,0.411438,8.651312203848443
Solar,720,0.63853,0.527471,0.5507,0.562151,-6.57479,-2.079432,164.266724,64.266724,0.347327,11.96169326421626
Traffic,96,1.973787,1.420632,1.4696,1.436866,-1.142709,2.227438,164.560303,64.560303,0.322949,27.20258062293449
Traffic,192,2.004524,1.355879,1.4508,1.408467,-3.87848,2.91792,156.605835,56.605835,0.177771,29.73558809971844
Traffic,336,2.063635,1.424405,1.5147,1.485214,-4.269073,1.946641,156.217163,56.217163,0.161877,28.0292299752621
Traffic,720,2.166454,1.595257,1.7351,1.631985,-2.302326,5.942881,155.766479,55.766479,0.177478,24.67022147712344
Weather,96,1.161329,0.839593,0.4316,0.47697,43.190298,-10.512073,190.462646,90.462646,0.503528,58.928951227429955
Weather,192,1.062809,0.78508,0.5147,0.477508,39.177087,7.225909,184.778442,84.778442,0.431494,55.07113695875739
Weather,336,1.290959,0.594079,0.6748,0.648442,-9.150785,3.906059,189.820068,89.820068,0.488452,49.7705194355514
Weather,720,1.295817,0.769931,0.813,0.77327,-0.433667,4.886882,191.669678,91.669678,0.531103,40.32567870308848
