dataset,horizon,split,variant,pairs,analog_future_mse_top10,analog_future_mse_top1,retrieval_forecast_mse_top10,top10_same_channel_fraction,seconds,cached
ETTh1,96,test,graph,8192,1.61038,1.556323,1.177803,0.392236,0.0,True
ETTh1,192,test,graph,8192,1.774287,1.71303,1.25678,0.386658,1.108911,False
ETTh1,336,test,graph,8192,1.901292,1.822481,1.32285,0.385449,1.230292,False
ETTh1,720,test,graph,8192,2.174629,2.116523,1.490805,0.390649,1.508352,False
Electricity,96,test,graph,8192,1.186141,1.170668,0.951648,0.467053,1.150366,False
Electricity,192,test,graph,8192,1.180197,1.158219,0.940815,0.458655,1.215646,False
Electricity,336,test,graph,8192,1.229954,1.211617,0.974939,0.466455,1.352831,False
Electricity,720,test,graph,8192,1.270072,1.256732,0.994101,0.460474,1.624419,False
Exchange,96,test,graph,8192,0.228074,0.222646,0.104542,0.441797,0.729507,False
Exchange,192,test,graph,8192,0.501801,0.499643,0.222429,0.450122,0.819508,False
Exchange,336,test,graph,8192,0.806825,0.801656,0.343152,0.45271,0.918588,False
Exchange,720,test,graph,6384,1.720284,1.710489,0.804893,0.490805,0.908285,False
Solar,96,test,graph,8192,0.5012,0.483534,0.278511,0.333044,1.610503,False
Solar,192,test,graph,8192,0.53056,0.507777,0.29623,0.334314,1.717914,False
Solar,336,test,graph,8192,0.546616,0.523885,0.306375,0.332898,1.819095,False
Solar,720,test,graph,8192,0.545589,0.518454,0.305359,0.331677,2.303568,False
Traffic,96,test,graph,8192,2.455986,2.542791,1.813765,0.428796,1.165235,False
Traffic,192,test,graph,8192,2.510178,2.592906,1.854597,0.428052,1.225387,False
Traffic,336,test,graph,8192,2.618506,2.54151,1.850107,0.428296,1.346173,False
Traffic,720,test,graph,8192,2.666135,2.508498,2.045814,0.426831,1.657519,False
Weather,96,test,graph,8192,0.696259,0.688633,0.290994,0.444287,1.579702,False
Weather,192,test,graph,8192,0.848971,2.080091,0.339918,0.452979,1.637255,False
Weather,336,test,graph,8192,0.933845,0.7874,0.395687,0.448877,1.751288,False
Weather,720,test,graph,8192,0.939571,0.976843,0.456153,0.461169,1.986398,False
ETTh1,96,test,sc,8192,1.765468,1.781103,1.20796,1.0,0.0,True
ETTh1,192,test,sc,8192,1.987178,1.942131,1.307169,1.0,0.780588,False
ETTh1,336,test,sc,8192,2.127021,2.047189,1.372166,1.0,0.942351,False
ETTh1,720,test,sc,8192,2.376473,2.313835,1.524271,1.0,1.149662,False
Electricity,96,test,sc,8192,1.242946,1.213428,0.996922,1.0,1.978624,False
Electricity,192,test,sc,8192,1.249896,1.227523,0.997698,1.0,2.021555,False
Electricity,336,test,sc,8192,1.298534,1.271591,1.037287,1.0,2.151462,False
Electricity,720,test,sc,8192,1.328092,1.30413,1.039252,1.0,2.412461,False
Exchange,96,test,sc,8192,0.218456,0.215204,0.112051,1.0,0.654625,False
Exchange,192,test,sc,8192,0.483368,0.516455,0.242026,1.0,0.731465,False
Exchange,336,test,sc,8192,0.813785,0.888128,0.446539,1.0,0.838045,False
Exchange,720,test,sc,6384,1.928313,2.072827,1.299534,1.0,0.854985,False
Solar,96,test,sc,8192,0.526497,0.495041,0.282719,1.0,2.116731,False
Solar,192,test,sc,8192,0.557514,0.524421,0.29932,1.0,2.259477,False
Solar,336,test,sc,8192,0.57675,0.536422,0.310998,1.0,2.311833,False
Solar,720,test,sc,8192,0.576782,0.532447,0.309402,1.0,2.597003,False
Traffic,96,test,sc,8192,2.524518,2.505264,1.803176,1.0,2.69792,False
Traffic,192,test,sc,8192,2.574369,2.531718,1.848137,1.0,2.754633,False
Traffic,336,test,sc,8192,2.6956,2.588627,1.845393,1.0,2.830342,False
Traffic,720,test,sc,8192,2.721579,2.489113,2.036125,1.0,3.046215,False
Weather,96,test,sc,8192,0.74045,0.850979,0.287329,1.0,1.177023,False
Weather,192,test,sc,8192,0.800196,0.876015,0.318232,1.0,1.215338,False
Weather,336,test,sc,8192,1.184556,0.812156,0.419836,1.0,1.363843,False
Weather,720,test,sc,8192,0.988728,0.915234,0.447125,1.0,1.598789,False
