dataset,horizon,pearson,prr,anchored_l2,craft_graph,craft_sc,craft_sc_gain_vs_pearson_pct,craft_sc_gain_vs_anchored_l2_pct,craft_sc_gain_vs_prr_pct,craft_graph_gain_vs_pearson_pct,craft_graph_gain_vs_anchored_l2_pct,craft_graph_gain_vs_prr_pct,prr_gain_vs_craft_sc_pct,prr_gain_vs_craft_graph_pct
ETTh1,96,1.612267,1.1643,1.100985,1.61038,1.765468,-9.502187,-60.353427,-51.633397,0.117053,-46.267151,-38.313134,34.051480967086356,27.70029434046623
ETTh1,192,1.817531,1.2229,1.277228,1.774287,1.987178,-9.333947,-55.585165,-62.497166,2.379259,-38.916956,-45.088458,38.46047007364212,31.076539477547875
ETTh1,336,1.992872,1.4816,1.446432,1.901292,2.127021,-6.731457,-47.052949,-43.562438,4.595374,-31.447016,-28.326934,30.34389411294012,22.07404228282662
ETTh1,720,2.254092,1.4618,1.714012,2.174629,2.376473,-5.42929,-38.649762,-62.571722,3.525288,-26.873621,-48.763783,38.488676286244356,32.779338452674
Electricity,96,1.179589,0.7191,0.703011,1.186141,1.242946,-5.371159,-76.803374,-72.847502,-0.555466,-68.723072,-64.947993,42.145515573484296,39.37482980522551
Electricity,192,1.195698,0.7345,0.728439,1.180197,1.249896,-4.532691,-71.585407,-70.169597,1.296409,-62.017218,-60.680359,41.235110761215324,37.764627430844165
Electricity,336,1.241844,0.7648,0.768702,1.229954,1.298534,-4.564975,-68.925491,-69.787353,0.957404,-60.004048,-60.820393,41.10281286435318,37.81881273608606
Electricity,720,1.287729,0.8602,0.81597,1.270072,1.328092,-3.134402,-62.762354,-54.393339,1.371195,-55.651811,-47.64841,35.2303906657069,32.27155625822789
Exchange,96,0.213266,0.1652,0.186254,0.228074,0.218456,-2.433655,-17.289314,-32.237541,-6.943503,-22.453213,-38.059565,24.378364521917455,27.567368485666925
Exchange,192,0.423408,0.4116,0.379211,0.501801,0.483368,-14.161223,-27.466697,-17.436377,-18.514593,-32.327451,-21.91464,14.84748680094669,17.97545242038179
Exchange,336,0.764282,0.8094,0.684537,0.806825,0.813785,-6.477066,-18.880981,-0.541725,-5.566434,-17.864266,0.318146,0.5388401113316137,-0.31915223251634417
Exchange,720,1.886809,1.777,1.865029,1.720284,1.928313,-2.199675,-3.393167,-8.515083,8.825772,7.761035,3.191679,7.846910745299131,-3.2968974890192544
Solar,96,0.588674,0.5087,0.488054,0.5012,0.526497,10.562161,-7.876918,-3.498597,14.859535,-2.693571,1.474378,3.38026617435616,-1.4964086193136596
Solar,192,0.59789,0.5406,0.518212,0.53056,0.557514,6.753129,-7.584251,-3.128759,11.261322,-2.38289,1.857193,3.0338251595475603,-1.8923401688781547
Solar,336,0.623836,0.5701,0.533977,0.546616,0.57675,7.547813,-8.010279,-1.166521,12.378308,-2.366896,4.119285,1.1530125704377865,-4.29625184773224
Solar,720,0.63853,0.5507,0.527471,0.545589,0.576782,9.670419,-9.348472,-4.736119,14.555499,-3.434838,0.928075,4.521985776255162,-0.9367857489795389
Traffic,96,1.973787,1.4696,1.420632,2.455986,2.524518,-27.902263,-77.703916,-71.782695,-24.430133,-72.879832,-67.119354,41.78690744134128,40.162525356414896
Traffic,192,2.004524,1.4508,1.355879,2.510178,2.574369,-28.427902,-89.8671,-77.444769,-25.225591,-85.132821,-73.020238,43.64444257990987,42.20330191723455
Traffic,336,2.063635,1.5147,1.424405,2.618506,2.6956,-30.623877,-89.243854,-77.962604,-26.88806,-83.831518,-72.872909,43.80842855023001,42.15403745494568
Traffic,720,2.166454,1.7351,1.595257,2.666135,2.721579,-25.62366,-70.604393,-56.854279,-23.064465,-67.128855,-53.658857,36.24656862799132,34.92077482948163
Weather,96,1.161329,0.4316,0.839593,0.696259,0.74045,36.241138,11.808425,-71.55932,40.046333,17.071789,-61.320482,41.711121615233985,38.01157327948364
Weather,192,1.062809,0.5147,0.78508,0.848971,0.800196,24.709405,-1.925415,-55.468346,20.120129,-8.138193,-64.944789,35.67825882658748,39.37366529598773
Weather,336,1.290959,0.6748,0.594079,0.933845,1.184556,8.242113,-99.393759,-75.541862,27.662656,-57.1921,-38.388453,43.03350791351359,27.73961417580006
Weather,720,1.295817,0.813,0.769931,0.939571,0.988728,23.698446,-28.417833,-21.614803,27.491971,-22.033214,-15.568414,17.77313882078793,13.471148002652285
