backbone,dataset,horizon,direct_mse,direct_mae,prr_stat_beta01_mse,prr_stat_beta01_mae,prr_stat_beta01_gain_vs_direct_pct,prr_beta01_mse,prr_beta01_mae,prr_beta01_gain_vs_direct_pct
PatchTST,ETTh1,96,0.4406435941808706,0.4429749354886392,0.443069798139877,0.4468796913087409,-0.5506046135804175,0.4435268721792318,0.4466481284550451,-0.6543333515879384
PatchTST,ETTh1,192,0.4844085213925229,0.4702764347083715,0.4870167110803026,0.47435823321936,-0.5384277056650284,0.4878928242712608,0.4752895063221523,-0.7192901703548958
PatchTST,ETTh1,336,0.5303327769551673,0.5023618011666195,0.5314779437314568,0.5052028806856219,-0.2159336224444443,0.534223883372132,0.5073657351676518,-0.7337103392524434
PatchTST,ETTh1,720,0.638773491810204,0.5744915843054508,0.6397925914304233,0.5763854042216855,-0.1595400612713729,0.6403952855379149,0.5790703796608156,-0.2538918330995411
PatchTST,Weather,96,0.1487227269431608,0.1964919286233833,0.1489548913303259,0.1990181942800193,-0.1561055206134495,0.1466105395182252,0.1959801044256284,1.420218327319161
PatchTST,Weather,192,0.1927265787681794,0.2391923580818251,0.1924803953992895,0.2407006278602707,0.1277371136163207,0.1904110127095064,0.2375717802176388,1.2014772811685204
PatchTST,Weather,336,0.2429846048117077,0.2795262217300414,0.2423179114866359,0.2816075592200808,0.2743767760876758,0.2400139441160463,0.2783332421092249,1.2225715690767254
PatchTST,Weather,720,0.3120753658379617,0.332403291316272,0.311021618489383,0.3358494229531792,0.3376579710959291,0.3080497172237242,0.3304619382848476,1.2899603925571357
PatchTST,Electricity,96,0.1284961511979037,0.2230802736001591,0.1441674021636214,0.254914290519052,-12.195891331859096,0.1314084245504756,0.2311493605837919,-2.266428469197132
PatchTST,Electricity,192,0.1485124656207286,0.2429498048201629,0.1641693657172978,0.2728855634553755,-10.542482094771598,0.151233844697666,0.2498781158317005,-1.8324246827113024
PatchTST,Electricity,336,0.1670259391078922,0.2591318470025313,0.1830425818724348,0.2887145561190949,-9.589314599929576,0.1688815678778406,0.2657242658699404,-1.1109823898369298
PatchTST,Electricity,720,0.2049332983783727,0.2922044181127612,0.2221890579658951,0.3205608652966935,-8.420183407999785,0.2056688852208454,0.2980054942656672,-0.3589396395282641
PatchTST,Traffic,96,0.3929599189358092,0.2735325770158359,0.4210221210031932,0.3206326275456596,-7.141237748465649,0.3963476762402411,0.276866727081571,-0.8621126840636671
PatchTST,Traffic,192,0.4166464132296643,0.285732329113221,0.4443327084248938,0.3313771943642087,-6.645033850313803,0.4159376891331875,0.2863691080260509,0.170102051517266
PatchTST,Traffic,336,0.4353625785876855,0.2961912476137611,0.4667346356132649,0.3482711510162224,-7.205960863092613,0.4376382053620932,0.2993700623149292,-0.5226969166228765
PatchTST,Traffic,720,0.4668407448862278,0.3171849403345521,0.5001024481513795,0.3658914339000348,-7.124850097062073,0.4704079649923767,0.3206333415029876,-0.7641192730549388
PatchTST,Exchange,96,0.0878786789575221,0.2078506489786792,0.0876321263172134,0.2070264085243199,0.280560248781029,0.08810004900335,0.2073687021148703,-0.2519041574747601
PatchTST,Exchange,192,0.1963679871585367,0.3174154211343037,0.1967734627348795,0.3165581090504436,-0.2064876165458725,0.1930829685835488,0.3140952141258085,1.6728890602396422
PatchTST,Exchange,336,0.3430329062575661,0.42705732577406,0.348217859385797,0.4285263262215736,-1.5115031338532117,0.3381586640436913,0.4233343330461415,1.4209255511525218
PatchTST,Exchange,720,0.8583899633862621,0.6929867397874464,0.90207057619902,0.7101606852886346,-5.088667700684944,0.8843580346067499,0.7038328022548398,-3.025206762442376
PatchTST,Solar,96,0.1849222975716446,0.2479911715069409,0.182763156314451,0.249561406800229,1.1675937869834827,0.1810703286513499,0.2458242718347945,2.083020258172118
PatchTST,Solar,192,0.1859822579772459,0.2389540115905243,0.184612675891926,0.2429849567380826,0.7364046980693502,0.1833862935168444,0.2391582884778965,1.3958129601368237
PatchTST,Solar,336,0.1997126335433804,0.2534660506546788,0.1967676215410649,0.2551586871904942,1.4746247896609666,0.1950257789232737,0.2516320498395969,2.3467992670021047
PatchTST,Solar,720,0.2140922246689033,0.2605535543651801,0.2098602519223111,0.263357643725393,1.9767054843477097,0.2085426578296246,0.2600749159080639,2.592138433733989
iTransformer,ETTh1,96,0.4650788283721752,0.4511186643162488,0.4629889162891463,0.4530888746721249,0.4493672804551985,0.4613684389481616,0.4513071202954943,0.797797964057059
iTransformer,ETTh1,192,0.5242721430212814,0.4851301920584833,0.5225136418575396,0.4873522250670682,0.3354176236807026,0.5210295083195066,0.4868462335195891,0.6185021929809565
iTransformer,ETTh1,336,0.5737191841056656,0.5189509876763198,0.5680901825090758,0.5188960498891161,0.9811422996712996,0.570925429390231,0.5214800513033288,0.4869550806096075
iTransformer,ETTh1,720,0.6873357993604511,0.5902384021081387,0.6810809282934657,0.5890892126163815,0.9100167738688156,0.6803537704840125,0.5912300327335088,1.0158104499918703
iTransformer,Weather,96,0.1702295913777874,0.2110575142230425,0.1677292893430776,0.2112692981242222,1.4687822572286495,0.1650272539959104,0.2085853521944485,3.0560711212256093
iTransformer,Weather,192,0.2262986096070568,0.2560463563593705,0.2221506788877915,0.2550067609641033,1.832945737699304,0.2195020779338,0.2527996614674088,3.003346633484956
iTransformer,Weather,336,0.280283517812728,0.2977525794781896,0.2759480011826171,0.2977192854618617,1.546832530126754,0.2726526831287056,0.2942720075368085,2.7225413551149047
iTransformer,Weather,720,0.3483036934608278,0.3467680775244043,0.3440602126876158,0.3489626874613537,1.2183278135950233,0.3401469266038099,0.3433585837181202,2.3418548267376598
iTransformer,Electricity,96,0.1480273099365001,0.2417412372805922,0.1611286125804175,0.2688598899716289,-8.850598345357744,0.1484308044063067,0.246738371253466,-0.2725811000549552
iTransformer,Electricity,192,0.1629918478416422,0.2545349723769682,0.1765034354043733,0.2810109464033672,-8.289732119522053,0.1639869597558649,0.2595568980615046,-0.610528641401463
iTransformer,Electricity,336,0.1790312843466543,0.2696428160415649,0.1927031570718013,0.2945468477641438,-7.636583055883381,0.1790644794069399,0.2738096496616165,-0.0185414858675318
iTransformer,Electricity,720,0.2165390049947307,0.3027597746078036,0.234188766535754,0.3296187075662118,-8.150846329719098,0.2148387125952928,0.3053829529138899,0.7852129917560808
iTransformer,Traffic,96,0.4218156082270647,0.2939284657566443,0.444284514502333,0.3317250373170504,-5.326712866246803,0.4237533990019277,0.2935051085015709,-0.4593928572268068
iTransformer,Traffic,192,0.4404714929206779,0.3001177020354841,0.465126872415999,0.3405721132370825,-5.597497202789714,0.4396820181986778,0.3002989483352081,0.1792340105293159
iTransformer,Traffic,336,0.4758372948556196,0.3056969058026005,0.501389536897788,0.3487578239811453,-5.369953620369644,0.475204996322691,0.3062076454040013,0.1328812473853129
iTransformer,Traffic,720,0.4966702626722123,0.3256058427388434,0.5262921255771155,0.366327984367277,-5.964090289104485,0.4992545049414696,0.3259399204115473,-0.5203134682059426
iTransformer,Exchange,96,0.097404412837197,0.2229627533082304,0.0950306481038689,0.2195392224707307,2.437019703918065,0.0952801317156811,0.2192261341187724,2.1808879696923764
iTransformer,Exchange,192,0.1809387149317451,0.3044074917213016,0.1817607842896397,0.3036908276777911,-0.4543357999445624,0.1784339920361769,0.3013149220697843,1.3842935142504578
iTransformer,Exchange,336,0.3394783947450942,0.4221930262399591,0.3442799908730237,0.4233225258351104,-1.414404039330667,0.3352171434132407,0.4199264733207523,1.2552349126821816
iTransformer,Exchange,720,0.810793408175581,0.6799754571136161,0.8578050024784187,0.6985136417107887,-5.79822107935258,0.8405312918938189,0.6921077472322776,-3.6677510471074353
iTransformer,Solar,96,0.2072748755592411,0.2449225149723081,0.2017974175999208,0.2470235716420571,2.642605836593473,0.1998747459891522,0.243259717576601,3.570200946990268
iTransformer,Solar,192,0.2537655559613782,0.282584752657859,0.2425347425828296,0.2790212119182716,4.425664994605428,0.2412018338458572,0.2773486724675093,4.950917025726331
iTransformer,Solar,336,0.2775674800057787,0.2959373256545903,0.2656674197940886,0.2933798742337145,4.287267446259321,0.2632251972964524,0.290570679685119,5.167133667469855
iTransformer,Solar,720,0.2675532829622025,0.295076148345444,0.2572113887248674,0.2935143345332772,3.8653587512870016,0.2554898114931545,0.2899426786286351,4.508810856472386
TimeMixer,ETTh1,96,0.470516368384183,0.4542827811325291,0.4700868972568097,0.4572332648321324,0.0912765540650913,0.471683441518873,0.4575578962037077,-0.2480409212325358
TimeMixer,ETTh1,192,0.5328796379410904,0.4857808548014716,0.5271986754743757,0.4863121703729183,1.06608736048997,0.5282954851506778,0.4870614991148888,0.8602604535847085
TimeMixer,ETTh1,336,0.604878262181245,0.5328870342852465,0.5979865967063901,0.5321971400618447,1.1393475192847746,0.6009808008288159,0.5339340405590293,0.6443381414260918
TimeMixer,ETTh1,720,0.7021756569118125,0.590935944676199,0.6929390045469774,0.589066840025044,1.3154332927829069,0.6925077480059676,0.5909658979835585,1.3768504804573585
TimeMixer,Weather,96,0.15969544505926,0.2073243911443771,0.1604961371841362,0.2100732224360938,-0.5013869522572106,0.1576891630539142,0.2069341134372589,1.256317614194513
TimeMixer,Weather,192,0.2063998953186719,0.2504143988215163,0.206457091034911,0.2516002659424028,-0.0277111168834511,0.2038915268129233,0.2488778793950245,1.2152954350465357
TimeMixer,Weather,336,0.2594533049848516,0.2886269159682552,0.2594381492488135,0.2911731005454034,0.0058414118251425,0.2560421248544213,0.2873961778331284,1.3147568617903926
TimeMixer,Weather,720,0.3347207082453982,0.3407260190751021,0.3339907445820121,0.3452068618942439,0.2180814169558044,0.3296998862244792,0.3386306185470417,1.500003404999367
TimeMixer,Electricity,96,0.1595602900593875,0.2520121576356737,0.1752674116461064,0.2818174380981271,-9.844004157220358,0.1612006135425309,0.2582618485548482,-1.028027388602072
TimeMixer,Electricity,192,0.1744713910576275,0.2651250089040886,0.1910047879794827,0.2945258517985623,-9.476279647701244,0.1767363662052917,0.2715841417574251,-1.2981928635601354
TimeMixer,Electricity,336,0.1899129533711769,0.2796402715826903,0.2073231862018067,0.3087625119076599,-9.167480428047618,0.1915657887294561,0.2857151650553083,-0.8703120713671562
TimeMixer,Electricity,720,0.2308940637880605,0.313920424986396,0.2504726044661873,0.3424280070676522,-8.479447395450615,0.2310792519150336,0.3186561202588674,-0.0802048021221918
TimeMixer,Traffic,96,0.4864245374955917,0.3062536739862176,0.5172976319181947,0.3485838580049483,-6.346944293056502,0.4914398647290041,0.3082961021584493,-1.031059670475169
TimeMixer,Traffic,192,0.4945335175960951,0.3137155063913621,0.5264060163095309,0.3577191212717925,-6.444962288575805,0.494902999139548,0.3148141326497374,-0.0747131448741585
TimeMixer,Traffic,336,0.5145110074094172,0.3189175816456158,0.5459795154887328,0.364488510652042,-6.116197248677091,0.5153779232697304,0.3202499194454728,-0.1684931610458894
TimeMixer,Traffic,720,0.536570101329864,0.3340870531641258,0.5728479407388612,0.3806275871442418,-6.761062407145733,0.541820948835768,0.3366820634923491,-0.9785948737900244
TimeMixer,Exchange,96,0.0920799002272557,0.2106005374915477,0.0916603025887701,0.2100258004011714,0.4556886328611972,0.0919689687115113,0.2099715574452481,0.1204731059336105
TimeMixer,Exchange,192,0.1792003964668151,0.3012479776160006,0.1813709155836733,0.3022634462488425,-1.2112245060016922,0.1775653275431078,0.2992902004002325,0.9124248360745574
TimeMixer,Exchange,336,0.324599432102055,0.4140280953494648,0.3299679508981646,0.4161504917998057,-1.6538903846331403,0.3195517491895192,0.4104412697781633,1.5550498285988426
TimeMixer,Exchange,720,1.1525767632689117,0.8018563544329161,1.1714761254238877,0.8103155201304412,-1.6397486707413809,1.1420869852279512,0.799330638088328,0.9101153498192548
TimeMixer,Solar,96,0.1968051488525475,0.2432259260628881,0.1953270767741128,0.2478082263465654,0.751033236199572,0.1955632044276418,0.2450128510506017,0.6310528114465969
TimeMixer,Solar,192,0.2239918842214581,0.2674480200874809,0.2207374350824058,0.2686771811509552,1.4529317213272903,0.2197508872641318,0.2667708240057624,1.8933708121019452
TimeMixer,Solar,336,0.2542699410889311,0.2877519078281951,0.250165455411946,0.288539400449041,1.6142237102062815,0.2511645940974722,0.2877565974403209,1.2212796283194052
TimeMixer,Solar,720,0.2519944384807639,0.2857700826638873,0.2474298315267918,0.2867562859583335,1.8113919424140743,0.2474246393928403,0.2859179327579472,1.813452358502146
SegMoE,ETTh1,96,0.4310009174476057,0.4375501240592777,0.430712695635883,0.439595036545328,0.0668726677960632,0.430841321037524,0.4394045648978495,0.0370292506630655
SegMoE,ETTh1,192,0.4837159720187114,0.4735109336798861,0.4833015631711845,0.4749929212073182,0.0856719379758012,0.4831125128457249,0.4751367819960387,0.1247548577873181
SegMoE,ETTh1,336,0.5340828183770222,0.5053650997381964,0.5316703476595687,0.5060516912865599,0.4517034876322343,0.5318060099186596,0.5058748924972485,0.426302509652237
SegMoE,ETTh1,720,0.659691139370824,0.5733078907505635,0.6541697647431474,0.5733936206991288,0.8369635876787174,0.6495981784702121,0.5715991770499277,1.5299524729463627
SegMoE,Weather,96,0.1446468888412182,0.1880274763730849,0.1449470273874208,0.1917047380703507,-0.2074974087635087,0.143061502760958,0.1885973683948666,1.0960388384160646
SegMoE,Weather,192,0.188035762479279,0.2310620285198027,0.187738798231138,0.2329995151271394,0.1579296641369802,0.1862703543962229,0.2302240696126004,0.9388682555801444
SegMoE,Weather,336,0.2405378797216049,0.2730403087907374,0.2395053409792621,0.2757167588749672,0.4292624278295973,0.2374924325803889,0.2723454011205808,1.266098771944244
SegMoE,Weather,720,0.3093487513103944,0.3269006611389738,0.3087550909737211,0.3310837371737304,0.1919064919960105,0.3055450485210124,0.3255426142194114,1.229584012629619
SegMoE,Electricity,96,0.130342558529903,0.2265005270650643,0.1493166922523937,0.262613048211922,-14.557128490106807,0.1341033574446188,0.2360941959870944,-2.885319236581537
SegMoE,Electricity,192,0.1482509159730515,0.2429912775820048,0.1681995395266321,0.2784614262966022,-13.455986711884297,0.1523941294378607,0.2524987125630528,-2.79473043226415
SegMoE,Electricity,336,0.1675678466992799,0.2615085554705455,0.188612588144489,0.2962007647332984,-12.558937683896104,0.1709106342624649,0.270030943760033,-1.994886029170044
SegMoE,Electricity,720,0.2117440391222531,0.3013560956881727,0.2373748827232479,0.3371534054158898,-12.104635250769224,0.2141597977389821,0.3090233769221361,-1.1408862448941244
SegMoE,Traffic,96,0.3649907868946687,0.2471223530575525,0.3965271851955536,0.3064031874861441,-8.640327217351343,0.3719240573719045,0.2589730050743681,-1.8995741060271325
SegMoE,Traffic,192,0.3872687154388201,0.2554029269139919,0.4210330905553077,0.3158366886592965,-8.7185909345217,0.3930413553517997,0.266971527506395,-1.4906032124073316
SegMoE,Traffic,336,0.4017881578395781,0.2645063177598142,0.4381172342275367,0.3264466037185234,-9.0418484664408,0.409263044535985,0.276059355419704,-1.8604049299510184
SegMoE,Traffic,720,0.446517994936578,0.2907117841905202,0.4878651395948838,0.3503784814373962,-9.259905564204333,0.456860675460714,0.3019967746345435,-2.3162964631705485
SegMoE,Exchange,96,0.0863161152184156,0.206732101938579,0.0861344511637176,0.2060547013141408,0.2104636593506905,0.0864450807979556,0.2061398309192928,-0.1494107782928249
SegMoE,Exchange,192,0.1840140053188573,0.3079403276171812,0.185572134542835,0.3081262312358152,-0.846744910137563,0.1825895750776569,0.3061198685233326,0.7740879498449769
SegMoE,Exchange,336,0.3273769736066305,0.4178370882337201,0.3339804143675965,0.420281582860627,-2.017075510295537,0.3251660343615848,0.4164200729650692,0.6753496498816967
SegMoE,Exchange,720,0.8082870848547585,0.6802808134050558,0.855878319337549,0.6987458915500339,-5.887912274553063,0.8400634972733448,0.6931404434331206,-3.9313274966277887
SegMoE,Solar,96,0.1901802228573888,0.2349515664828473,0.1848317902269618,0.2378100309507714,2.812296962359567,0.1839875232177542,0.2356480892528603,3.256226933900657
SegMoE,Solar,192,0.2224586513820311,0.2567185520596767,0.2122758117876098,0.2577491514189292,4.577407770459867,0.2103426235205929,0.2544956212829227,5.446417923585779
SegMoE,Solar,336,0.2728567960190884,0.2854252909311039,0.2543116573713821,0.2834154382742924,6.796656311396736,0.2513682869251377,0.2797981958502544,7.875379835673028
SegMoE,Solar,720,0.3894048907403121,0.3372099609923252,0.3451257196156885,0.3277916255528263,11.370984848300909,0.3438388945229366,0.3220361197693231,11.701444255296408
DLinear,ETTh1,96,0.4588473392053025,0.4402615904372965,0.4579838459278414,0.4433106579881173,0.1881874871404122,0.4603107606475277,0.4447445340214681,-0.3189342766506456
DLinear,ETTh1,192,0.5269823079953143,0.4876545246934107,0.5207964580341793,0.4860524041043828,1.1738249780465169,0.5261315396955121,0.490521216177189,0.161441529799859
DLinear,ETTh1,336,0.578028653775397,0.5238458528713607,0.5685788761938751,0.5195038552063205,1.63482857117906,0.5774140347727235,0.5263057927526961,0.1063301963768023
DLinear,ETTh1,720,0.6628740582282764,0.5854763399901177,0.6536737447073144,0.5805001841123288,1.387942914156645,0.6648570974492157,0.5894134418272721,-0.2991577655398962
DLinear,Weather,96,0.194534656688846,0.2522464090870941,0.1889881777573017,0.2451492485514376,2.851152090815253,0.1876234762441938,0.2476059642900609,3.552673113514423
DLinear,Weather,192,0.2404193694633774,0.3067939133923941,0.2316546504661425,0.2958066811154582,3.645596033629892,0.2324538503558693,0.2989015657819664,3.31317693964812
DLinear,Weather,336,0.2807550981841006,0.3346913983491724,0.272430607497736,0.325390760541831,2.965036339573767,0.2761739685737293,0.3307951504106072,1.6317173365690334
DLinear,Weather,720,0.3586392149517577,0.4081177237351402,0.3445543635725323,0.3953179418944108,3.92730376155883,0.3533856540719699,0.4027329453664939,1.4648595749615587
DLinear,Electricity,96,0.1967894577883941,0.2789603655889729,0.2089388700797192,0.3063277221176513,-6.17381257505636,0.1939719577087721,0.2831554526053423,1.4317332398219993
DLinear,Electricity,192,0.1942575213270589,0.2811452919639732,0.2078106428317558,0.3085617370798775,-6.976883784014917,0.1934938727780474,0.2861685979136072,0.393111444949335
DLinear,Electricity,336,0.208629782055885,0.2963624027686596,0.2220555471602681,0.3216905538858063,-6.435210242795895,0.2072081794289254,0.3003474126654356,0.6813996606576604
DLinear,Electricity,720,0.2403868835357828,0.3265631294950827,0.2559299791314774,0.3515664503919852,-6.465866759065852,0.2390648007407429,0.3306371212805376,0.5499812533836329
DLinear,Traffic,96,0.6448782486567147,0.394889558431695,0.658973494469095,0.4281823649060787,-2.185722009036712,0.6321675577321518,0.3909834122395959,1.9710218093166176
DLinear,Traffic,192,0.6101261233132655,0.3717065399375426,0.6240476680152988,0.407837305411121,-2.281748669673874,0.5963916823154067,0.369363575183851,2.2510822718546253
DLinear,Traffic,336,0.625172477406979,0.3735113641412023,0.6383900083108869,0.4108922951133072,-2.1142214959190264,0.6118956678482075,0.3709242623724745,2.123703464016779
DLinear,Traffic,720,0.6489275272878106,0.395785472801351,0.6618909604381078,0.4287392927447,-1.9976704031154064,0.6344431039206301,0.3924335173404887,2.232055623794857
DLinear,Exchange,96,0.0848524477015498,0.2069478738969962,0.0832810912956243,0.2049197223908132,1.8518692724721284,0.0835376892444314,0.2047998394048793,1.5494643852145809
DLinear,Exchange,192,0.156908910509661,0.2876238287553909,0.1560352836694709,0.2861817802138898,0.5567732497488507,0.1595869554240783,0.2883238513909918,-1.7067513283462408
DLinear,Exchange,336,0.2878778191942268,0.4007166991927314,0.2667293361483213,0.3873079847742106,7.346339883044944,0.2726769685368613,0.3929398617390308,5.280313259254511
DLinear,Exchange,720,0.7866611251100704,0.6591898245530994,0.6414460699698717,0.6079613411076458,18.459670944065017,0.687041608130824,0.6249169839002446,12.663587127850947
DLinear,Solar,96,0.2864053449562632,0.3725574714352884,0.2725514458296453,0.3594972544852277,4.837165007773687,0.2766052906555805,0.3629313131164886,3.421742810763297
DLinear,Solar,192,0.3161778657765011,0.394151123296852,0.30098768510406,0.380684700020514,4.804315012733606,0.304721287416477,0.3829843724120402,3.6234599572262622
DLinear,Solar,336,0.3454017635957656,0.4100055389574682,0.3288637980998419,0.3963526923951218,4.788037363723069,0.3336459868886584,0.3986191936771321,3.403508014760849
DLinear,Solar,720,0.3492437363706333,0.4073739472621549,0.3333115311932734,0.3937766063904743,4.561915796380084,0.3365745972079584,0.3943483745254384,3.6275923784155726
