dataset,horizon,split,pairs,channels
ETTh1,96,val,4096,7
ETTh1,96,test,8192,7
ETTh1,192,val,4096,7
ETTh1,192,test,8192,7
ETTh1,336,val,4096,7
ETTh1,336,test,8192,7
ETTh1,720,val,4096,7
ETTh1,720,test,8192,7
Weather,96,val,4096,21
Weather,96,test,8192,21
Weather,192,val,4096,21
Weather,192,test,8192,21
Weather,336,val,4096,21
Weather,336,test,8192,21
Weather,720,val,4096,21
Weather,720,test,8192,21
Electricity,96,val,4096,321
Electricity,96,test,8192,321
Electricity,192,val,4096,321
Electricity,192,test,8192,321
Electricity,336,val,4096,321
Electricity,336,test,8192,321
Electricity,720,val,4096,321
Electricity,720,test,8192,321
Traffic,96,val,4096,862
Traffic,96,test,8192,862
Traffic,192,val,4096,862
Traffic,192,test,8192,862
Traffic,336,val,4096,862
Traffic,336,test,8192,862
Traffic,720,val,4096,862
Traffic,720,test,8192,862
Exchange,96,val,4096,8
Exchange,96,test,8192,8
Exchange,192,val,4096,8
Exchange,192,test,8192,8
Exchange,336,val,3400,8
Exchange,336,test,8192,8
Exchange,720,val,328,8
Exchange,720,test,6384,8
Solar,96,val,4096,137
Solar,96,test,8192,137
Solar,192,val,4096,137
Solar,192,test,8192,137
Solar,336,val,4096,137
Solar,336,test,8192,137
Solar,720,val,4096,137
Solar,720,test,8192,137
