parameter,value
memory_stride,8.0
retrieval_seq_len,96.0
top_m_pattern,100.0
top_m_learned,100.0
top_k,10.0
train_memory_fraction,0.6
train_query_stride,4.0
phase_a_train_fraction,0.8
screen_max_train_channels,64.0
screen_max_train_pairs,6000.0
emb_dim,64.0
enc_hidden,128.0
enc_candidates,100.0
enc_hard_fraction,0.5
enc_epochs,20.0
enc_batch,32.0
enc_lr,0.001
enc_wd,0.0001
teacher_tau,0.5
student_tau,0.1
rerank_hidden,384.0
rerank_dropout,0.1
rerank_batch,64.0
rerank_lr,0.001
rerank_wd,0.0001
rerank_max_epochs,30.0
rerank_patience,6.0
pairwise_lambda,1.0
grad_clip,5.0
seed,0.0
