Dataset,Horizon,TrainEnd,MemoryEnd,MemoryPerChannel,TrainingChannels,TrainingQueryAnchors,TrainingPairs
ETTh1,96,8640,5184,625,7,841,5887
ETTh1,192,8640,5184,613,7,817,5719
ETTh1,336,8640,5184,595,7,781,5467
ETTh1,720,8640,5184,547,7,685,4795
Weather,96,36887,22132,2743,21,285,5985
Weather,192,36887,22132,2731,21,285,5985
Weather,336,36887,22132,2713,21,285,5985
Weather,720,36887,22132,2665,21,285,5985
Electricity,96,18412,11047,1357,64,93,5952
Electricity,192,18412,11047,1345,64,93,5952
Electricity,336,18412,11047,1327,64,93,5952
Electricity,720,18412,11047,1279,64,93,5952
Traffic,96,12280,7368,898,64,93,5952
Traffic,192,12280,7368,886,64,93,5952
Traffic,336,12280,7368,868,64,93,5952
Traffic,720,12280,7368,820,64,93,5952
Exchange,96,5311,3186,375,8,508,4064
Exchange,192,5311,3186,363,8,484,3872
Exchange,336,5311,3186,345,8,448,3584
Exchange,720,5311,3186,297,8,352,2816
Solar,96,36792,22075,2736,64,93,5952
Solar,192,36792,22075,2724,64,93,5952
Solar,336,36792,22075,2706,64,93,5952
Solar,720,36792,22075,2658,64,93,5952
