dataset,horizon,pearson_analog_future_mse,prr_analog_future_mse,prr_gain_vs_pearson_pct,memory_stride
ETTh1,96,1.612267,1.1643,27.784914037191115,8
ETTh1,192,1.817531,1.2229,32.7164158410503,8
ETTh1,336,1.992872,1.4816,25.655034543111647,8
ETTh1,720,2.254092,1.4618,35.149053366056044,8
Weather,96,1.161329,0.4316,62.835682222694864,8
Weather,192,1.062809,0.5147,51.57173113889701,8
Weather,336,1.290959,0.6748,47.728781471758595,8
Weather,720,1.295817,0.813,37.259659350047116,8
Electricity,96,1.179589,0.7191,39.038088690213286,8
Electricity,192,1.195698,0.7345,38.571445298060205,8
Electricity,336,1.241844,0.7648,38.414164742109314,8
Electricity,720,1.287729,0.8602,33.20023079390151,8
Traffic,96,1.973787,1.4696,25.544144327630082,8
Traffic,192,2.004524,1.4508,27.623715156316404,8
Traffic,336,2.063635,1.5147,26.600392026690773,8
Traffic,720,2.166454,1.7351,19.91060045586012,8
Exchange,96,0.213266,0.1652,22.538051072369715,8
Exchange,192,0.423408,0.4116,2.7887994558440052,8
Exchange,336,0.764282,0.8094,-5.903318408650209,8
Exchange,720,1.886809,1.777,5.819825960126333,8
Solar,96,0.588674,0.5087,13.585447972901807,8
Solar,192,0.59789,0.5406,9.582030139323297,8
Solar,336,0.623836,0.5701,8.61380234548822,8
Solar,720,0.63853,0.5507,13.75503108702803,8
