dataset,horizon,pearson_analog_future_mse,prr_stat_analog_future_mse,prr_analog_future_mse,prr_stat_gain_vs_pearson_pct,prr_gain_vs_pearson_pct,prr_gain_vs_prr_stat_pct,memory_stride,prr_budget100_analog_future_mse,mean_union_size,median_union_size,max_union_size,mean_learned_only_candidates,test_pairs,raft_valscale_afmse,prr_budget100_gain_vs_pearson_pct,prr_budget100_gain_vs_prr_stat_pct,prr_budget100_gain_vs_full_prr_pct
ETTh1,96,1.612267,1.1965,1.1643,25.787726226487305,27.784914037191115,2.691182615963227,8,1.169867,95.804443,97.0,100,45.804443,8192,1.417994,27.43962383401756,2.2259089009611293,-0.4781413724985056
ETTh1,192,1.817531,1.3664,1.2229,24.82108970906136,32.7164158410503,10.502049180327866,8,1.223163,96.036987,97.0,100,46.036987,8192,1.602331,32.701945661449514,10.482801522248247,-0.02150625562187441
ETTh1,336,1.992872,1.4861,1.4816,25.429229774917808,25.655034543111647,0.3028060022878641,8,1.480429,96.524414,98.0,100,46.524414,8192,1.741645,25.713793961679425,0.38160285310544256,0.07903617710583377
ETTh1,720,2.254092,1.7272,1.4618,23.37491105065809,35.149053366056044,15.365910143584996,8,1.467654,97.030029,98.0,100,47.030029,8192,1.980019,34.889347905941726,15.026980083371935,-0.40046517991517483
Weather,96,1.161329,0.670706,0.4316,42.24668461736511,62.835682222694864,35.64989727242637,8,0.421212,98.104248,99.0,100,48.104248,8192,0.646577,63.730174653349756,37.19871299794546,2.406858202038927
Weather,192,1.062809,0.733725,0.5147,30.96360681928737,51.57173113889701,29.8511022522062,8,0.533346,97.71228,99.0,100,47.71228,8192,0.729503,49.8173237147973,27.309823162629048,-3.622692830775197
Weather,336,1.290959,0.912211,0.6748,29.338499518574952,47.7287814717586,26.025886554755427,8,0.688207,98.04895,99.0,100,48.04895,8192,0.830656,46.690251200851456,24.556160800516544,-1.986810906935397
Weather,720,1.295817,1.167582,0.813,9.89607328812634,37.25965935004712,30.36891627311829,8,0.835815,98.580566,99.0,100,48.580566,8192,1.033154,35.49899407092205,28.414877927203392,-2.806273062730631
Electricity,96,1.179589,0.875108,0.7191,25.81246518914639,39.038088690213286,17.827285317926478,8,0.721195,94.115845,96.0,100,44.115845,8192,1.198295,38.86048445687438,17.587886295177277,-0.2913363927131232
Electricity,192,1.195698,0.896645,0.7345,25.0107468608294,38.571445298060205,18.08352246429746,8,0.735946,94.174072,96.0,100,44.174072,8192,1.231629,38.45051175129505,17.922254626970545,-0.19686861810754896
Electricity,336,1.241844,0.930136,0.7648,25.100415189025355,38.414164742109314,17.775465093276676,8,0.767276,94.168457,96.0,100,44.168457,8192,1.277479,38.214783821478385,17.509267461962555,-0.3237447698744669
Electricity,720,1.287729,0.976864,0.8602,24.14056063038108,33.20023079390151,11.94270645657942,8,0.863012,95.38208,97.0,100,45.38208,8192,1.327164,32.98186186689901,11.654846529301926,-0.3269007207626176
Traffic,96,1.973787,1.475479,1.4696,25.246290506523756,25.54414432763008,0.3984468772513853,8,1.456486,91.667603,94.0,100,41.667603,8192,1.994432,26.208552391924762,1.2872429902424933,0.892351660315737
Traffic,192,2.004524,1.513514,1.4508,24.495092101666028,27.623715156316404,4.143602239556419,8,1.426342,90.161133,92.0,100,40.161133,8192,1.981411,28.84385519953864,5.759576720136056,1.6858285084091598
Traffic,336,2.063635,1.578335,1.5147,23.51675562781209,26.600392026690773,4.031780325469568,8,1.513555,89.817383,92.0,100,39.817383,8192,2.072901,26.655876644852412,4.1043251274285915,0.07559252657291554
Traffic,720,2.166454,1.75711,1.7351,18.894654583019072,19.91060045586012,1.252625049086276,8,1.731062,89.926636,91.0,100,39.926636,8192,2.153276,20.096987981281845,1.482434224379797,0.23272433865483175
Exchange,96,0.213266,0.2206,0.1652,-3.4388979021503565,22.538051072369715,25.11332728921123,8,0.172511,96.864624,97.0,100,46.864624,8192,0.206644,19.109937824125748,21.799184043517677,-4.425544794188852
Exchange,192,0.423408,0.4276,0.4116,-0.9900615954351296,2.788799455844005,3.741814780168372,8,0.402023,96.404785,97.0,100,46.404785,8192,0.384415,5.050683973850279,5.98152478952291,2.3267735665694853
Exchange,336,0.764282,0.7714,0.8094,-0.9313316289013686,-5.903318408650209,-4.926108374384241,8,0.810664,96.312012,97.0,100,46.312012,8192,0.672493,-6.0687023899555435,-5.089966295047975,-0.1561650605386759
Exchange,720,1.886809,2.131,1.777,-12.942009498576688,5.819825960126333,16.611919286719843,8,1.776511,96.342105,97.0,100,46.342105,6384,1.847901,5.845742732836234,16.634866259971837,0.027518289251545397
Solar,96,0.588674,0.526962,0.5087,10.483221613320785,13.585447972901807,3.465525028370167,8,0.498086,94.625732,97.0,100,44.625732,8192,0.595473,15.388483269177854,5.479712009594633,2.0864949872223444
Solar,192,0.59789,0.541064,0.5406,9.50442389068224,9.582030139323296,0.0857569529667506,8,0.538855,93.552612,96.0,100,43.552612,8192,0.595446,9.873889845958297,0.40826963168867575,0.3227894931557522
Solar,336,0.623836,0.569167,0.5701,8.76336088330907,8.61380234548822,-0.1639237692979517,8,0.576629,93.752075,96.0,100,43.752075,8192,0.638507,7.567213177822377,-1.3110387636668972,-1.1452376776004027
Solar,720,0.63853,0.578178,0.5507,9.451709395016689,13.75503108702803,4.752515661266946,8,0.550555,93.25415,95.0,100,43.25415,8192,0.661424,13.777739495403509,4.7775944432337365,0.026330125295070044
