dataset,horizon,pearson,prr,anchored_l2,raft_ms_afmse,raft_valscale_afmse,selected_g,mean_multiscale_union,craft_graph,prr_gain_vs_raft_ms_pct,prr_gain_vs_raft_valscale_pct
ETTh1,96,1.612267,1.1643,1.100985,1.439627,1.417994,1,32.11953,1.61038,19.124884431870207,17.891048904297204
ETTh1,192,1.817531,1.2229,1.277228,1.613701,1.602331,1,32.081253,1.774287,24.21768344941225,23.67993878917651
ETTh1,336,1.992872,1.4816,1.446432,1.733,1.741645,1,32.012832,1.901292,14.506635891517604,14.93099914161612
ETTh1,720,2.254092,1.4618,1.714012,1.97846,1.980019,1,32.006944,2.174629,26.114250477644234,26.172425618138007
Electricity,96,1.179589,0.7191,0.703011,1.195281,1.198295,2,29.244686,1.186141,39.83841456527796,39.98973541573653
Electricity,192,1.195698,0.7345,0.728439,1.232099,1.231629,2,29.278373,1.180197,40.38628389439485,40.36353479822252
Electricity,336,1.241844,0.7648,0.768702,1.275571,1.277479,2,29.282733,1.229954,40.042537812477704,40.132088276989286
Electricity,720,1.287729,0.8602,0.81597,1.326263,1.327164,2,29.200628,1.270072,35.141069305258455,35.18510146447613
Exchange,96,0.213266,0.1652,0.186254,0.20667,0.206644,1,24.200422,0.228074,20.06580539023563,20.055748049786096
Exchange,192,0.423408,0.4116,0.379211,0.384629,0.384415,1,24.29638,0.501801,-7.0122117677034295,-7.071784399672233
Exchange,336,0.764282,0.8094,0.684537,0.671591,0.672493,1,24.177665,0.806825,-20.519780640300414,-20.358130121800524
Exchange,720,1.886809,1.777,1.865029,1.845035,1.847901,1,23.914787,1.720284,3.68746392344861,3.8368397441204967
Solar,96,0.588674,0.5087,0.488054,0.599434,0.595473,4,22.745183,0.5012,15.136612204179272,14.572113261222588
Solar,192,0.59789,0.5406,0.518212,0.598848,0.595446,4,22.654833,0.53056,9.72667521641553,9.21091081307122
Solar,336,0.623836,0.5701,0.533977,0.645092,0.638507,4,22.689344,0.546616,11.625008525915675,10.71358653859707
Solar,720,0.63853,0.5507,0.527471,0.668043,0.661424,4,22.683167,0.545589,17.565186672115427,16.74024528895233
Traffic,96,1.973787,1.4696,1.420632,2.019441,1.994432,1,28.175215,2.455986,27.227386192515652,26.31486057183198
Traffic,192,2.004524,1.4508,1.355879,2.00387,1.981411,1,28.055103,2.510178,27.600093818461275,26.779451613017187
Traffic,336,2.063635,1.5147,1.424405,2.096939,2.072901,1,27.848884,2.618506,27.76613911992671,26.928492967102624
Traffic,720,2.166454,1.7351,1.595257,2.204695,2.153276,1,27.667674,2.666135,21.299771623739336,19.420455157629576
Weather,96,1.161329,0.4316,0.839593,0.629526,0.646577,1,30.43842,0.696259,31.440480615574263,33.248476206236845
Weather,192,1.062809,0.5147,0.78508,0.725802,0.729503,1,30.401251,0.848971,29.085342834547156,29.445115373069058
Weather,336,1.290959,0.6748,0.594079,0.835163,0.830656,1,30.415124,0.933845,19.201401403079405,18.763001772093382
Weather,720,1.295817,0.813,0.769931,1.025552,1.033154,2,30.398965,0.939571,20.725618983727795,21.30892393583144
