dataset,horizon,retrieval_gain_pct,fixed_beta01_downstream_mean_gain_pct,wins_out_of_5
ETTh1,96,27.78,-0.08,2
ETTh1,192,32.72,0.21,4
ETTh1,336,25.66,0.19,4
ETTh1,720,35.15,0.67,3
Weather,96,62.84,2.08,5
Weather,192,51.57,1.93,5
Weather,336,47.73,1.63,5
Weather,720,37.26,1.57,5
Electricity,96,39.04,-1.0,1
Electricity,192,38.57,-1.23,1
Electricity,336,38.41,-0.66,1
Electricity,720,33.2,-0.05,2
Traffic,96,25.54,-0.46,1
Traffic,192,27.62,0.21,3
Traffic,336,26.6,-0.06,2
Traffic,720,19.91,-0.47,1
Exchange,96,22.54,0.69,3
Exchange,192,2.79,0.61,4
Exchange,336,-5.9,2.04,5
Exchange,720,5.82,0.59,2
Solar,96,13.59,2.59,5
Solar,192,9.58,3.46,5
Solar,336,8.61,4.0,5
Solar,720,13.76,4.85,5
