dataset,horizon,pearson_analog_future_mse,prr_stat_analog_future_mse,prr_analog_future_mse,prr_stat_gain_vs_pearson_pct,prr_gain_vs_pearson_pct,prr_gain_vs_prr_stat_pct,memory_stride
ETTh1,96,1.612267,1.1965,1.1643,25.787726226487305,27.784914037191115,2.691182615963227,8
ETTh1,192,1.817531,1.3664,1.2229,24.821089709061358,32.7164158410503,10.502049180327866,8
ETTh1,336,1.992872,1.4861,1.4816,25.429229774917808,25.655034543111647,0.3028060022878641,8
ETTh1,720,2.254092,1.7272,1.4618,23.37491105065809,35.149053366056044,15.365910143584996,8
Weather,96,1.161329,0.670706,0.4316,42.246684617365105,62.835682222694864,35.64989727242637,8
Weather,192,1.062809,0.733725,0.5147,30.963606819287374,51.57173113889701,29.8511022522062,8
Weather,336,1.290959,0.912211,0.6748,29.338499518574952,47.728781471758595,26.025886554755427,8
Weather,720,1.295817,1.167582,0.813,9.89607328812634,37.259659350047116,30.36891627311829,8
Electricity,96,1.179589,0.875108,0.7191,25.81246518914639,39.038088690213286,17.827285317926478,8
Electricity,192,1.195698,0.896645,0.7345,25.0107468608294,38.571445298060205,18.08352246429746,8
Electricity,336,1.241844,0.930136,0.7648,25.100415189025355,38.414164742109314,17.775465093276676,8
Electricity,720,1.287729,0.976864,0.8602,24.140560630381078,33.20023079390151,11.94270645657942,8
Traffic,96,1.973787,1.475479,1.4696,25.246290506523753,25.544144327630082,0.39844687725138533,8
Traffic,192,2.004524,1.513514,1.4508,24.495092101666028,27.623715156316404,4.143602239556419,8
Traffic,336,2.063635,1.578335,1.5147,23.516755627812092,26.600392026690773,4.031780325469568,8
Traffic,720,2.166454,1.75711,1.7351,18.894654583019072,19.91060045586012,1.252625049086276,8
Exchange,96,0.213266,0.2206,0.1652,-3.4388979021503565,22.538051072369715,25.11332728921123,8
Exchange,192,0.423408,0.4276,0.4116,-0.9900615954351296,2.7887994558440052,3.7418147801683723,8
Exchange,336,0.764282,0.7714,0.8094,-0.9313316289013686,-5.903318408650209,-4.926108374384241,8
Exchange,720,1.886809,2.131,1.777,-12.942009498576688,5.819825960126333,16.611919286719843,8
Solar,96,0.588674,0.526962,0.5087,10.483221613320783,13.585447972901807,3.465525028370167,8
Solar,192,0.59789,0.541064,0.5406,9.50442389068224,9.582030139323297,0.08575695296675069,8
Solar,336,0.623836,0.569167,0.5701,8.76336088330907,8.61380234548822,-0.1639237692979517,8
Solar,720,0.63853,0.578178,0.5507,9.451709395016689,13.75503108702803,4.752515661266946,8
