dataset,horizon,prr_full,prr_budget100,prr_stat,raft_valscale,pearson
ETTh1,96,1.1643,1.169867,1.1965,1.417994,1.612267
ETTh1,192,1.2229,1.223163,1.3664,1.602331,1.817531
ETTh1,336,1.4816,1.480429,1.4861,1.741645,1.992872
ETTh1,720,1.4618,1.467654,1.7272,1.980019,2.254092
Weather,96,0.4316,0.421212,0.670706,0.646577,1.161329
Weather,192,0.5147,0.533346,0.733725,0.729503,1.062809
Weather,336,0.6748,0.688207,0.912211,0.830656,1.290959
Weather,720,0.813,0.835815,1.167582,1.033154,1.295817
Electricity,96,0.7191,0.721195,0.875108,1.198295,1.179589
Electricity,192,0.7345,0.735946,0.896645,1.231629,1.195698
Electricity,336,0.7648,0.767276,0.930136,1.277479,1.241844
Electricity,720,0.8602,0.863012,0.976864,1.327164,1.287729
Traffic,96,1.4696,1.456486,1.475479,1.994432,1.973787
Traffic,192,1.4508,1.426342,1.513514,1.981411,2.004524
Traffic,336,1.5147,1.513555,1.578335,2.072901,2.063635
Traffic,720,1.7351,1.731062,1.75711,2.153276,2.166454
Exchange,96,0.1652,0.172511,0.2206,0.206644,0.213266
Exchange,192,0.4116,0.402023,0.4276,0.384415,0.423408
Exchange,336,0.8094,0.810664,0.7714,0.672493,0.764282
Exchange,720,1.777,1.776511,2.131,1.847901,1.886809
Solar,96,0.5087,0.498086,0.526962,0.595473,0.588674
Solar,192,0.5406,0.538855,0.541064,0.595446,0.59789
Solar,336,0.5701,0.576629,0.569167,0.638507,0.623836
Solar,720,0.5507,0.550555,0.578178,0.661424,0.63853
